trip_id,starttime,stoptime,bikeid,tripduration,from_station_id,from_station_name,to_station_id,to_station_name,usertype,gender,birthyear
2355134,6/30/2014 23:57,7/1/2014 0:07,2006,604,131,Lincoln Ave & Belmont Ave,303,Broadway & Cornelia Ave,Subscriber,Male,1988
2355133,6/30/2014 23:56,7/1/2014 0:00,2217,263,282,Halsted St & Maxwell St,22,May St & Taylor St,Subscriber,Male,1992
2355130,6/30/2014 23:33,6/30/2014 23:35,2798,126,327,Sheffield Ave & Webster Ave,225,Halsted St & Dickens Ave,Subscriber,Male,1993
2355129,6/30/2014 23:26,7/1/2014 0:24,173,3481,134,Peoria St & Jackson Blvd,194,State St & Wacker Dr,Subscriber,Female,1988
2355128,6/30/2014 23:16,6/30/2014 23:26,173,638,320,Loomis St & Lexington St,134,Peoria St & Jackson Blvd,Subscriber,Female,1988
2355127,6/30/2014 23:11,6/30/2014 23:17,2782,336,332,Halsted St & Diversey Pkwy,319,Greenview Ave & Diversey Pkwy,Subscriber,Male,1985
2355126,6/30/2014 23:08,6/30/2014 23:13,1152,304,174,Canal St & Madison St,44,State St & Randolph St,Subscriber,Male,1977
2355125,6/30/2014 23:07,6/30/2014 23:16,941,525,199,Wabash Ave & Grand Ave,24,Fairbanks Ct & Grand Ave,Subscriber,Male,1987
2355124,6/30/2014 23:07,6/30/2014 23:10,2316,203,288,Larrabee St & Armitage Ave,94,Clark St & Armitage Ave,Customer,,
2355123,6/30/2014 23:06,6/30/2014 23:09,3022,167,238,Ravenswood Ave & Montrose Ave,316,Damen Ave & Sunnyside Ave,Subscriber,Male,1954
2355119,6/30/2014 23:01,6/30/2014 23:15,1512,844,178,State St & 19th St,55,Halsted St & James M Rochford St,Customer,,
2355116,6/30/2014 22:46,6/30/2014 22:51,2602,290,169,Canal St & Harrison St,91,Clinton St & Washington Blvd,Subscriber,Male,1952
2355111,6/30/2014 22:22,6/30/2014 22:27,361,328,100,Orleans St & Merchandise Mart Plaza,192,Canal St & Adams St,Subscriber,Male,1964
2355110,6/30/2014 22:17,6/30/2014 22:22,2838,329,267,Lake Park Ave & 47th St,322,Kimbark Ave & 53rd St,Subscriber,Female,1991
2355108,6/30/2014 22:15,6/30/2014 22:35,2070,1198,97,Museum Campus,43,Michigan Ave & Washington St,Customer,,
2355107,6/30/2014 22:15,6/30/2014 22:35,546,1217,97,Museum Campus,43,Michigan Ave & Washington St,Customer,,
2355106,6/30/2014 22:14,6/30/2014 22:17,1196,163,50,Clark St & Congress Pkwy,49,Dearborn St & Monroe St,Subscriber,Male,1988
2355100,6/30/2014 22:04,6/30/2014 22:08,948,226,210,Ashland Ave & Division St,350,Ashland Ave & Chicago Ave,Subscriber,Female,1984
2355098,6/30/2014 22:04,6/30/2014 22:24,1337,1229,332,Halsted St & Diversey Pkwy,350,Ashland Ave & Chicago Ave,Subscriber,Female,1983
2355097,6/30/2014 22:03,6/30/2014 22:10,2526,415,80,Aberdeen St & Madison St,91,Clinton St & Washington Blvd,Subscriber,Male,1969
2355096,6/30/2014 22:02,6/30/2014 22:13,2020,674,31,Franklin St & Chicago Ave,287,Franklin St & Arcade Pl,Subscriber,Male,1984
2355095,6/30/2014 22:01,6/30/2014 22:29,2684,1650,199,Wabash Ave & Grand Ave,69,Damen Ave & Pierce Ave,Subscriber,Female,1991
2355093,6/30/2014 21:57,6/30/2014 22:30,989,1964,226,Racine Ave & Belmont Ave,162,Damen Ave & Wellington Ave,Customer,,
2355092,6/30/2014 21:55,6/30/2014 21:59,774,249,181,LaSalle St & Illinois St,51,Clark St & Randolph St,Subscriber,Male,1983
2355091,6/30/2014 21:55,6/30/2014 22:01,578,338,289,Wells St & Concord Ln,138,Clybourn Ave & Division St,Subscriber,Male,1988
2355089,6/30/2014 21:52,6/30/2014 22:15,2070,1379,45,Michigan Ave & Congress Pkwy,97,Museum Campus,Customer,,
2355088,6/30/2014 21:51,6/30/2014 22:15,546,1390,45,Michigan Ave & Congress Pkwy,97,Museum Campus,Customer,,
2355082,6/30/2014 21:46,6/30/2014 22:02,1528,932,26,McClurg Ct & Illinois St,51,Clark St & Randolph St,Customer,,
2355081,6/30/2014 21:46,6/30/2014 21:54,2970,487,25,Michigan Ave & Pearson St,140,Dearborn Pkwy & Delaware Pl,Subscriber,Female,1977
2355080,6/30/2014 21:46,6/30/2014 22:02,242,949,26,McClurg Ct & Illinois St,51,Clark St & Randolph St,Customer,,
2355079,6/30/2014 21:45,6/30/2014 21:56,1722,651,173,Mies van der Rohe Way & Chicago Ave,74,Kingsbury St & Erie St,Subscriber,Male,1953
2355076,6/30/2014 21:45,6/30/2014 21:48,66,169,30,Ashland Ave & Augusta Blvd,183,Damen Ave & Augusta Blvd,Subscriber,Male,1975
2355075,6/30/2014 21:44,6/30/2014 22:07,1164,1340,177,Theater on the Lake,294,Broadway & Berwyn Ave,Subscriber,Male,1965
2355073,6/30/2014 21:44,6/30/2014 22:02,1922,1087,24,Fairbanks Ct & Grand Ave,118,Sedgwick St & North Ave,Subscriber,Male,1987
2355072,6/30/2014 21:44,6/30/2014 21:53,2634,552,25,Michigan Ave & Pearson St,52,Michigan Ave & Lake St,Subscriber,Male,1975
2355069,6/30/2014 21:44,6/30/2014 21:51,1619,423,287,Franklin St & Arcade Pl,84,Green St & Milwaukee Ave,Subscriber,Male,1986
2355067,6/30/2014 21:44,6/30/2014 21:46,2879,126,240,Sheridan Rd & Irving Park Rd,254,Pine Grove Ave & Irving Park Rd,Subscriber,Male,1988
2355065,6/30/2014 21:43,6/30/2014 21:50,2517,384,291,Wells St & Evergreen Ave,337,Clark St & Chicago Ave,Subscriber,Male,1979
2355064,6/30/2014 21:43,6/30/2014 22:00,2644,1058,20,Sheffield Ave & Kingsbury St,230,Lincoln Ave & Roscoe St,Subscriber,Male,1984
2355061,6/30/2014 21:42,6/30/2014 21:57,1764,906,202,Halsted St & 18th St,321,Wabash Ave & 8th St,Subscriber,Female,1991
2355059,6/30/2014 21:39,6/30/2014 21:55,1201,947,120,Wentworth Ave & Archer Ave,132,Wentworth Ave & 24th St,Subscriber,Male,1993
2355057,6/30/2014 21:38,6/30/2014 21:43,2918,256,284,Michigan Ave & Jackson Blvd,286,Franklin St & Quincy St,Subscriber,Male,1986
2355056,6/30/2014 21:38,6/30/2014 21:52,1910,832,43,Michigan Ave & Washington St,338,Calumet Ave & 18th St,Subscriber,Male,1975
2355055,6/30/2014 21:37,6/30/2014 21:45,501,454,289,Wells St & Concord Ln,337,Clark St & Chicago Ave,Subscriber,Male,1990
2355052,6/30/2014 21:30,6/30/2014 21:32,2865,121,141,Clark St & Lincoln Ave,289,Wells St & Concord Ln,Subscriber,Male,1988
2355050,6/30/2014 21:29,6/30/2014 21:44,1164,883,26,McClurg Ct & Illinois St,177,Theater on the Lake,Subscriber,Male,1965
2355049,6/30/2014 21:29,6/30/2014 21:33,504,226,229,Southport Ave & Roscoe St,153,Southport Ave & Wellington Ave,Subscriber,Male,1988
2355048,6/30/2014 21:27,6/30/2014 21:40,1772,802,202,Halsted St & 18th St,280,Morgan St & 31st St,Subscriber,Female,1978
2355046,6/30/2014 21:26,6/30/2014 21:42,698,963,143,Sedgwick St & Webster Ave,143,Sedgwick St & Webster Ave,Subscriber,Male,1988
2355045,6/30/2014 21:26,6/30/2014 21:48,2952,1312,210,Ashland Ave & Division St,246,Ashland Ave & Belle Plaine Ave,Subscriber,Male,1983
2355044,6/30/2014 21:26,6/30/2014 21:37,578,630,74,Kingsbury St & Erie St,289,Wells St & Concord Ln,Subscriber,Female,1984
2355039,6/30/2014 21:22,6/30/2014 21:39,579,1039,264,Stetson Ave & South Water St,147,Indiana Ave & 26th St,Subscriber,Male,1980
2355038,6/30/2014 21:22,6/30/2014 21:29,1164,447,100,Orleans St & Merchandise Mart Plaza,26,McClurg Ct & Illinois St,Subscriber,Male,1965
2355034,6/30/2014 21:20,6/30/2014 21:31,146,698,48,Larrabee St & Kingsbury St,99,Lake Shore Dr & Ohio St,Subscriber,Male,1970
2355020,6/30/2014 21:16,6/30/2014 21:23,314,433,5,State St & Harrison St,52,Michigan Ave & Lake St,Customer,,
2355018,6/30/2014 21:16,6/30/2014 21:24,1147,464,67,Sheffield Ave & Fullerton Ave,117,Wilton Ave & Belmont Ave,Subscriber,Male,1986
2355013,6/30/2014 21:14,6/30/2014 21:18,1541,237,324,Stockton Dr & Wrightwood Ave,332,Halsted St & Diversey Pkwy,Subscriber,Male,1953
2355012,6/30/2014 21:14,6/30/2014 21:26,853,693,310,Damen Ave & Charleston St,128,Damen Ave & Chicago Ave,Customer,,
2355011,6/30/2014 21:14,6/30/2014 21:32,225,1079,88,May St & Randolph St,27,Larrabee St & North Ave,Subscriber,Male,1952
2355004,6/30/2014 21:12,6/30/2014 21:21,2736,525,52,Michigan Ave & Lake St,255,Indiana Ave & Roosevelt Rd,Subscriber,Female,1985
2355003,6/30/2014 21:12,6/30/2014 21:23,2854,682,90,Millennium Park,43,Michigan Ave & Washington St,Customer,,
2355000,6/30/2014 21:11,6/30/2014 21:26,2311,898,71,Morgan St & Lake St,130,Damen Ave & Division St,Subscriber,Male,1985
2354996,6/30/2014 21:10,6/30/2014 21:15,361,281,36,Franklin St & Jackson Blvd,100,Orleans St & Merchandise Mart Plaza,Subscriber,Female,1988
2354995,6/30/2014 21:10,6/30/2014 21:14,2149,243,36,Franklin St & Jackson Blvd,77,Clinton St & Madison St,Subscriber,Male,1988
2354992,6/30/2014 21:09,6/30/2014 21:19,2783,618,106,State St & Pearson St,174,Canal St & Madison St,Subscriber,Male,1963
2354974,6/30/2014 21:05,6/30/2014 21:14,73,518,241,Morgan St & Polk St,50,Clark St & Congress Pkwy,Customer,,
2354972,6/30/2014 21:04,6/30/2014 21:09,1452,259,340,Clark St & Wrightwood Ave,302,Sheffield Ave & Wrightwood Ave,Subscriber,Male,1970
2354970,6/30/2014 21:04,6/30/2014 21:09,1518,267,67,Sheffield Ave & Fullerton Ave,340,Clark St & Wrightwood Ave,Subscriber,Male,1988
2354964,6/30/2014 21:03,6/30/2014 21:11,1986,493,116,Western Ave & Winnebago Ave,130,Damen Ave & Division St,Subscriber,Female,1980
2354962,6/30/2014 21:02,6/30/2014 21:15,1482,744,44,State St & Randolph St,126,Clark St & North Ave,Subscriber,Male,1955
2354946,6/30/2014 21:00,6/30/2014 21:05,202,275,98,LaSalle St & Washington St,192,Canal St & Adams St,Subscriber,Male,1962
2354943,6/30/2014 21:00,6/30/2014 21:02,1783,129,68,Clinton St & Tilden St,68,Clinton St & Tilden St,Customer,,
2354942,6/30/2014 21:00,6/30/2014 21:04,83,247,174,Canal St & Madison St,134,Peoria St & Jackson Blvd,Subscriber,Male,1987
2354939,6/30/2014 20:59,6/30/2014 21:08,2627,551,42,Wabash Ave & Cermak Rd,237,Martin Luther King Dr & 29th St,Subscriber,Male,1964
2354937,6/30/2014 20:58,6/30/2014 21:18,2055,1240,19,Loomis St & Taylor St,208,Ashland Ave & 21st St,Customer,,
2354934,6/30/2014 20:57,6/30/2014 21:27,1267,1793,56,Desplaines St & Kinzie St,152,Lincoln Ave & Diversey Pkwy,Customer,,
2354931,6/30/2014 20:57,6/30/2014 21:11,2854,853,43,Michigan Ave & Washington St,90,Millennium Park,Customer,,
2354929,6/30/2014 20:57,6/30/2014 20:58,1783,78,68,Clinton St & Tilden St,68,Clinton St & Tilden St,Customer,,
2354916,6/30/2014 20:54,6/30/2014 21:18,1706,1467,19,Loomis St & Taylor St,208,Ashland Ave & 21st St,Customer,,
2354914,6/30/2014 20:54,6/30/2014 21:19,2966,1482,19,Loomis St & Taylor St,208,Ashland Ave & 21st St,Customer,,
2354910,6/30/2014 20:53,6/30/2014 21:05,751,729,55,Halsted St & James M Rochford St,273,Michigan Ave & 18th St,Subscriber,Male,1985
2354897,6/30/2014 20:45,6/30/2014 20:49,443,205,325,Clark St & Winnemac Ave,295,Broadway & Argyle St,Subscriber,Female,1983
2354893,6/30/2014 20:48,6/30/2014 20:52,2604,237,115,Sheffield Ave & Wellington Ave,13,Wilton Ave & Diversey Pkwy,Subscriber,Female,1986
2354892,6/30/2014 20:48,6/30/2014 20:52,2714,252,267,Lake Park Ave & 47th St,252,Greenwood Ave & 47th St,Subscriber,Female,1969
2354887,6/30/2014 20:48,6/30/2014 20:55,1689,449,49,Dearborn St & Monroe St,233,Sangamon St & Washington Blvd,Subscriber,Male,1977
2354886,6/30/2014 20:48,6/30/2014 21:00,891,731,288,Larrabee St & Armitage Ave,69,Damen Ave & Pierce Ave,Subscriber,Male,1981
2354878,6/30/2014 20:46,6/30/2014 20:56,354,611,44,State St & Randolph St,43,Michigan Ave & Washington St,Customer,,
2354876,6/30/2014 20:45,6/30/2014 20:48,1482,194,98,LaSalle St & Washington St,44,State St & Randolph St,Subscriber,Male,1982
2354875,6/30/2014 20:45,6/30/2014 20:47,634,124,113,Bissell St & Armitage Ave,327,Sheffield Ave & Webster Ave,Subscriber,Male,1993
2354874,6/30/2014 20:45,6/30/2014 20:57,2198,736,211,St Clair St & Erie St,94,Clark St & Armitage Ave,Subscriber,Female,1973
2354873,6/30/2014 20:44,6/30/2014 20:56,991,672,243,Lincoln Ave & Leavitt St,231,Sheridan Rd & Montrose Ave,Subscriber,Male,1961
2354869,6/30/2014 20:44,6/30/2014 20:54,361,593,283,LaSalle St & Jackson Blvd,36,Franklin St & Jackson Blvd,Subscriber,Male,1977
2354868,6/30/2014 20:44,6/30/2014 20:54,2149,605,283,LaSalle St & Jackson Blvd,36,Franklin St & Jackson Blvd,Subscriber,Male,1971
2354865,6/30/2014 20:43,6/30/2014 21:14,853,1845,294,Broadway & Berwyn Ave,310,Damen Ave & Charleston St,Customer,,
2354862,6/30/2014 20:42,6/30/2014 20:48,892,310,156,Clark St & Wellington Ave,340,Clark St & Wrightwood Ave,Subscriber,Female,1981
2354857,6/30/2014 20:42,6/30/2014 20:53,2938,683,94,Clark St & Armitage Ave,94,Clark St & Armitage Ave,Subscriber,Male,1968
2354854,6/30/2014 20:41,6/30/2014 21:01,2628,1221,134,Peoria St & Jackson Blvd,129,Blue Island Ave & 18th St,Subscriber,Male,1985
2354846,6/30/2014 20:38,6/30/2014 20:44,440,398,296,Broadway & Belmont Ave,226,Racine Ave & Belmont Ave,Subscriber,Female,1987
2354845,6/30/2014 20:36,6/30/2014 20:48,2083,679,212,Wells St & Hubbard St,301,Clark St & Schiller St,Subscriber,Male,1993
2354844,6/30/2014 20:35,6/30/2014 20:39,1274,244,99,Lake Shore Dr & Ohio St,199,Wabash Ave & Grand Ave,Subscriber,Male,1987
2354842,6/30/2014 20:34,6/30/2014 20:42,2094,484,300,Broadway & Barry Ave,312,Clarendon Ave & Gordon Ter,Subscriber,Male,1985
2354841,6/30/2014 20:34,6/30/2014 20:43,2604,540,113,Bissell St & Armitage Ave,115,Sheffield Ave & Wellington Ave,Subscriber,Female,1986
2354840,6/30/2014 20:33,6/30/2014 20:46,304,768,81,Daley Center Plaza,134,Peoria St & Jackson Blvd,Subscriber,Female,1977
2354831,6/30/2014 20:31,6/30/2014 20:37,893,365,100,Orleans St & Merchandise Mart Plaza,23,Orleans St & Elm St,Subscriber,Male,1988
2354828,6/30/2014 20:31,6/30/2014 20:39,1437,533,342,Wolcott Ave & Polk St,19,Loomis St & Taylor St,Subscriber,Male,1979
2354826,6/30/2014 20:31,6/30/2014 20:33,3003,154,59,Wabash Ave & Roosevelt Rd,168,Michigan Ave & 14th St,Subscriber,Male,1987
2354825,6/30/2014 20:26,6/30/2014 20:43,361,1008,36,Franklin St & Jackson Blvd,283,LaSalle St & Jackson Blvd,Subscriber,Male,1971
2354823,6/30/2014 20:30,6/30/2014 20:40,1441,607,132,Wentworth Ave & 24th St,62,McCormick Place,Customer,,
2354822,6/30/2014 20:29,6/30/2014 20:34,357,314,321,Wabash Ave & 8th St,59,Wabash Ave & Roosevelt Rd,Subscriber,Male,1990
2354821,6/30/2014 20:29,6/30/2014 20:40,2030,641,132,Wentworth Ave & 24th St,62,McCormick Place,Customer,,
2354820,6/30/2014 20:29,6/30/2014 20:49,2369,1237,126,Clark St & North Ave,296,Broadway & Belmont Ave,Subscriber,Female,1976
2354819,6/30/2014 20:29,6/30/2014 20:38,4,536,349,Halsted St & Wrightwood Ave,225,Halsted St & Dickens Ave,Subscriber,Male,1993
2354809,6/30/2014 20:28,6/30/2014 20:41,1553,775,22,May St & Taylor St,22,May St & Taylor St,Customer,,
2354808,6/30/2014 20:27,6/30/2014 20:29,2168,110,17,Wood St & Division St,130,Damen Ave & Division St,Subscriber,Male,1979
2354807,6/30/2014 20:27,6/30/2014 20:34,1196,428,91,Clinton St & Washington Blvd,50,Clark St & Congress Pkwy,Subscriber,Male,1970
2354801,6/30/2014 20:26,6/30/2014 20:43,2149,1035,36,Franklin St & Jackson Blvd,283,LaSalle St & Jackson Blvd,Subscriber,Male,1977
2354798,6/30/2014 20:26,6/30/2014 20:42,1957,976,331,Halsted St & Blackhawk St,276,California Ave & North Ave,Subscriber,Male,1980
2354797,6/30/2014 20:26,6/30/2014 20:35,736,581,256,Broadway & Sheridan Rd,152,Lincoln Ave & Diversey Pkwy,Subscriber,Male,1982
2354793,6/30/2014 20:25,6/30/2014 20:27,1598,129,226,Racine Ave & Belmont Ave,154,Southport Ave & Belmont Ave,Subscriber,Male,1985
2354791,6/30/2014 20:24,6/30/2014 20:41,2360,997,198,Halsted St & Madison St,207,Emerald Ave & 28th St,Subscriber,Male,1986
2354787,6/30/2014 20:22,6/30/2014 20:28,450,350,197,Michigan Ave & Madison St,192,Canal St & Adams St,Subscriber,Male,1969
2354786,6/30/2014 20:21,6/30/2014 20:25,2189,272,153,Southport Ave & Wellington Ave,229,Southport Ave & Roscoe St,Subscriber,Male,1989
2354785,6/30/2014 20:21,6/30/2014 20:25,837,271,153,Southport Ave & Wellington Ave,229,Southport Ave & Roscoe St,Subscriber,Male,1989
2354784,6/30/2014 20:21,6/30/2014 20:25,2936,279,153,Southport Ave & Wellington Ave,229,Southport Ave & Roscoe St,Subscriber,Male,1988
2354781,6/30/2014 20:19,6/30/2014 20:40,2125,1234,165,Clark St & Waveland Ave,325,Clark St & Winnemac Ave,Customer,,
2354779,6/30/2014 20:19,6/30/2014 20:25,501,379,337,Clark St & Chicago Ave,289,Wells St & Concord Ln,Subscriber,Male,1990
2354778,6/30/2014 20:18,6/30/2014 20:27,2859,548,195,Columbus Dr & Randolph St,91,Clinton St & Washington Blvd,Subscriber,Male,1960
2354777,6/30/2014 20:18,6/30/2014 20:26,1681,483,37,Dearborn St & Adams St,43,Michigan Ave & Washington St,Subscriber,Male,1996
2354776,6/30/2014 20:17,6/30/2014 20:25,2690,478,254,Pine Grove Ave & Irving Park Rd,251,Clarendon Ave & Leland Ave,Subscriber,Female,1964
2354775,6/30/2014 20:15,6/30/2014 20:25,2897,600,47,State St & Kinzie St,91,Clinton St & Washington Blvd,Subscriber,Male,1948
2354774,6/30/2014 20:15,6/30/2014 20:19,1300,220,227,Southport Ave & Waveland Ave,165,Clark St & Waveland Ave,Subscriber,Male,1986
2354770,6/30/2014 20:11,6/30/2014 20:22,714,683,199,Wabash Ave & Grand Ave,59,Wabash Ave & Roosevelt Rd,Subscriber,Male,1986
2354769,6/30/2014 20:11,6/30/2014 20:20,885,586,24,Fairbanks Ct & Grand Ave,56,Desplaines St & Kinzie St,Subscriber,Female,1988
2354768,6/30/2014 20:10,6/30/2014 20:19,32,534,238,Ravenswood Ave & Montrose Ave,240,Sheridan Rd & Irving Park Rd,Subscriber,Male,1984
2354767,6/30/2014 20:09,6/30/2014 20:17,791,482,53,Wells St & Erie St,92,Carpenter St & Huron St,Subscriber,Male,1987
2354766,6/30/2014 20:09,6/30/2014 20:17,270,451,165,Clark St & Waveland Ave,306,Sheridan Rd & Buena Ave,Subscriber,Male,1982
2354765,6/30/2014 20:09,6/30/2014 20:18,1774,542,211,St Clair St & Erie St,66,Clinton St & Lake St,Subscriber,Male,1981
2354764,6/30/2014 20:09,6/30/2014 20:37,1544,1697,47,State St & Kinzie St,276,California Ave & North Ave,Subscriber,Male,1974
2354763,6/30/2014 20:08,6/30/2014 20:14,2901,318,304,Halsted St & Waveland Ave,245,Clarendon Ave & Junior Ter,Subscriber,Male,1989
2354762,6/30/2014 20:08,6/30/2014 20:28,239,1219,148,State St & 33rd St,171,May St & Cullerton St,Subscriber,Male,1982
2354761,6/30/2014 20:08,6/30/2014 20:21,1879,809,327,Sheffield Ave & Webster Ave,158,Milwaukee Ave & Wabansia Ave,Customer,,
2354760,6/30/2014 20:07,6/30/2014 20:22,1921,857,185,Stave St & Armitage Ave,223,Clifton Ave & Armitage Ave,Subscriber,Male,1972
2354759,6/30/2014 20:07,6/30/2014 20:15,363,450,55,Halsted St & James M Rochford St,19,Loomis St & Taylor St,Subscriber,Male,1989
2354758,6/30/2014 20:07,6/30/2014 20:18,146,667,90,Millennium Park,48,Larrabee St & Kingsbury St,Subscriber,Male,1962
2354757,6/30/2014 20:07,6/30/2014 20:15,2055,484,55,Halsted St & James M Rochford St,19,Loomis St & Taylor St,Customer,,
2354756,6/30/2014 20:07,6/30/2014 20:13,49,407,337,Clark St & Chicago Ave,24,Fairbanks Ct & Grand Ave,Customer,,
2354754,6/30/2014 20:06,6/30/2014 20:14,2051,466,296,Broadway & Belmont Ave,152,Lincoln Ave & Diversey Pkwy,Subscriber,Male,1990
2354753,6/30/2014 20:05,6/30/2014 20:17,3026,718,211,St Clair St & Erie St,91,Clinton St & Washington Blvd,Customer,,
2354752,6/30/2014 20:05,6/30/2014 20:10,2404,305,227,Southport Ave & Waveland Ave,154,Southport Ave & Belmont Ave,Subscriber,Female,1991
2354751,6/30/2014 20:05,6/30/2014 20:14,893,538,26,McClurg Ct & Illinois St,100,Orleans St & Merchandise Mart Plaza,Subscriber,Male,1965
2354747,6/30/2014 20:03,6/30/2014 20:10,354,423,140,Dearborn Pkwy & Delaware Pl,44,State St & Randolph St,Subscriber,Male,1955
2354746,6/30/2014 20:03,6/30/2014 20:09,1268,369,164,Franklin St & Lake St,71,Morgan St & Lake St,Subscriber,Male,1980
2354745,6/30/2014 20:03,6/30/2014 20:28,2016,1526,177,Theater on the Lake,293,Broadway & Wilson Ave,Customer,,
2354744,6/30/2014 20:02,6/30/2014 20:09,288,464,43,Michigan Ave & Washington St,175,Wells St & Polk St,Subscriber,Male,1987
2354743,6/30/2014 20:01,6/30/2014 20:22,1847,1248,90,Millennium Park,198,Halsted St & Madison St,Customer,,
2354741,6/30/2014 20:00,6/30/2014 20:16,200,930,5,State St & Harrison St,66,Clinton St & Lake St,Subscriber,Female,1982
2354740,6/30/2014 20:01,6/30/2014 20:11,797,607,141,Clark St & Lincoln Ave,177,Theater on the Lake,Subscriber,Female,1990
2354737,6/30/2014 20:00,6/30/2014 20:26,2447,1519,90,Millennium Park,29,Noble St & Milwaukee Ave,Subscriber,Male,1975
2354736,6/30/2014 20:00,6/30/2014 20:28,183,1719,177,Theater on the Lake,293,Broadway & Wilson Ave,Customer,,
2354735,6/30/2014 19:59,6/30/2014 20:03,2074,216,277,Ashland Ave & Grand Ave,214,Damen Ave & Grand Ave,Subscriber,Male,1978
2354734,6/30/2014 19:59,6/30/2014 20:28,2491,1736,177,Theater on the Lake,293,Broadway & Wilson Ave,Customer,,
2354733,6/30/2014 19:59,6/30/2014 20:05,2243,340,59,Wabash Ave & Roosevelt Rd,338,Calumet Ave & 18th St,Subscriber,Male,1982
2354723,6/30/2014 19:55,6/30/2014 20:09,270,827,67,Sheffield Ave & Fullerton Ave,165,Clark St & Waveland Ave,Subscriber,Male,1982
2354722,6/30/2014 19:53,6/30/2014 20:04,279,672,135,Halsted St & 21st St,278,Wallace Ave & 35th St,Subscriber,Male,1983
2354721,6/30/2014 19:51,6/30/2014 19:57,1481,382,59,Wabash Ave & Roosevelt Rd,338,Calumet Ave & 18th St,Subscriber,Male,1992
2354718,6/30/2014 19:49,6/30/2014 20:07,363,1124,55,Halsted St & James M Rochford St,55,Halsted St & James M Rochford St,Subscriber,Male,1989
2354717,6/30/2014 19:48,6/30/2014 19:52,2349,248,72,State St & 16th St,59,Wabash Ave & Roosevelt Rd,Customer,,
2354716,6/30/2014 19:45,6/30/2014 19:51,2858,390,134,Peoria St & Jackson Blvd,346,Ada St & Washington Blvd,Subscriber,Male,1991
2354715,6/30/2014 19:45,6/30/2014 19:51,2893,411,134,Peoria St & Jackson Blvd,346,Ada St & Washington Blvd,Customer,,
2354714,6/30/2014 19:42,6/30/2014 19:55,947,765,284,Michigan Ave & Jackson Blvd,338,Calumet Ave & 18th St,Subscriber,Female,1990
2354713,6/30/2014 19:39,6/30/2014 19:50,2165,653,33,State St & Van Buren St,241,Morgan St & Polk St,Subscriber,Male,1983
2354712,6/30/2014 19:37,6/30/2014 19:59,2582,1285,97,Museum Campus,99,Lake Shore Dr & Ohio St,Customer,,
2354711,6/30/2014 19:37,6/30/2014 19:47,1521,644,13,Wilton Ave & Diversey Pkwy,303,Broadway & Cornelia Ave,Subscriber,Male,1991
2354710,6/30/2014 19:37,6/30/2014 19:40,1581,231,232,Pine Grove Ave & Waveland Ave,256,Broadway & Sheridan Rd,Subscriber,Male,1984
2354709,6/30/2014 19:36,6/30/2014 19:49,1286,768,19,Loomis St & Taylor St,55,Halsted St & James M Rochford St,Customer,,
2354707,6/30/2014 19:35,6/30/2014 19:48,2055,796,19,Loomis St & Taylor St,55,Halsted St & James M Rochford St,Subscriber,Male,1989
2354706,6/30/2014 19:34,6/30/2014 19:48,1922,853,35,Streeter Dr & Illinois St,24,Fairbanks Ct & Grand Ave,Customer,,
2354705,6/30/2014 19:33,6/30/2014 19:41,879,471,138,Clybourn Ave & Division St,85,Michigan Ave & Oak St,Customer,,
2354703,6/30/2014 19:30,6/30/2014 19:48,885,1082,35,Streeter Dr & Illinois St,24,Fairbanks Ct & Grand Ave,Customer,,
2354702,6/30/2014 19:30,6/30/2014 19:34,2238,275,282,Halsted St & Maxwell St,137,Morgan Ave & 14th Pl,Subscriber,Male,1979
2354701,6/30/2014 19:28,6/30/2014 19:33,1329,306,192,Canal St & Adams St,175,Wells St & Polk St,Subscriber,Male,1983
2354700,6/30/2014 19:25,6/30/2014 19:37,235,723,50,Clark St & Congress Pkwy,218,Wells St & 19th St,Subscriber,Female,1967
2354699,6/30/2014 19:23,6/30/2014 19:56,709,1982,35,Streeter Dr & Illinois St,49,Dearborn St & Monroe St,Customer,,
2354697,6/30/2014 19:21,6/30/2014 19:56,1689,2091,35,Streeter Dr & Illinois St,49,Dearborn St & Monroe St,Customer,,
2354696,6/30/2014 19:21,6/30/2014 19:30,2700,564,328,Ellis Ave & 58th St,247,Shore Drive & 55th St,Subscriber,Female,1987
2354695,6/30/2014 19:20,6/30/2014 19:24,1268,227,98,LaSalle St & Washington St,164,Franklin St & Lake St,Subscriber,Male,1986
2354694,6/30/2014 19:20,6/30/2014 19:30,1099,577,24,Fairbanks Ct & Grand Ave,111,Sedgwick St & Huron St,Customer,,
2354693,6/30/2014 19:20,6/30/2014 19:28,197,515,337,Clark St & Chicago Ave,301,Clark St & Schiller St,Subscriber,Male,1980
2354692,6/30/2014 19:19,6/30/2014 19:21,374,107,52,Michigan Ave & Lake St,52,Michigan Ave & Lake St,Subscriber,Male,1994
2354691,6/30/2014 19:19,6/30/2014 19:28,947,537,52,Michigan Ave & Lake St,284,Michigan Ave & Jackson Blvd,Subscriber,Male,1963
2354690,6/30/2014 19:19,6/30/2014 19:23,2824,239,49,Dearborn St & Monroe St,5,State St & Harrison St,Customer,,
2354688,6/30/2014 19:15,6/30/2014 19:19,684,268,254,Pine Grove Ave & Irving Park Rd,303,Broadway & Cornelia Ave,Subscriber,Male,1989
2354687,6/30/2014 19:18,6/30/2014 19:31,2737,798,289,Wells St & Concord Ln,74,Kingsbury St & Erie St,Subscriber,Female,1984
2354685,6/30/2014 19:17,6/30/2014 19:21,2709,237,77,Clinton St & Madison St,66,Clinton St & Lake St,Subscriber,Male,1984
2354683,6/30/2014 19:17,6/30/2014 19:31,1735,820,144,Larrabee St & Webster Ave,229,Southport Ave & Roscoe St,Subscriber,Male,1985
2354682,6/30/2014 19:17,6/30/2014 19:36,1423,1181,264,Stetson Ave & South Water St,174,Canal St & Madison St,Subscriber,Male,1971
2354681,6/30/2014 19:17,6/30/2014 19:24,501,478,289,Wells St & Concord Ln,337,Clark St & Chicago Ave,Subscriber,Male,1971
2354680,6/30/2014 19:16,6/30/2014 19:25,1282,524,100,Orleans St & Merchandise Mart Plaza,92,Carpenter St & Huron St,Subscriber,Male,1984
2354678,6/30/2014 19:16,6/30/2014 19:23,583,377,31,Franklin St & Chicago Ave,301,Clark St & Schiller St,Subscriber,Female,1984
2354677,6/30/2014 19:16,6/30/2014 19:21,2049,263,66,Clinton St & Lake St,73,Jefferson St & Monroe St,Customer,,
2354676,6/30/2014 19:16,6/30/2014 19:30,2579,808,156,Clark St & Wellington Ave,114,Sheffield Ave & Addison St,Customer,,
2354673,6/30/2014 19:16,6/30/2014 23:07,2929,13844,100,Orleans St & Merchandise Mart Plaza,199,Wabash Ave & Grand Ave,Subscriber,Male,1981
2354672,6/30/2014 19:16,6/30/2014 19:35,764,1157,247,Shore Drive & 55th St,267,Lake Park Ave & 47th St,Customer,,
2354667,6/30/2014 19:15,6/30/2014 19:21,578,348,140,Dearborn Pkwy & Delaware Pl,74,Kingsbury St & Erie St,Subscriber,Male,1990
2354666,6/30/2014 19:15,6/30/2014 19:18,189,134,268,Lake Shore Dr & North Blvd,126,Clark St & North Ave,Customer,,
2354665,6/30/2014 19:15,6/30/2014 19:21,1851,335,284,Michigan Ave & Jackson Blvd,255,Indiana Ave & Roosevelt Rd,Subscriber,Female,1969
2354661,6/30/2014 19:15,6/30/2014 19:18,1360,163,130,Damen Ave & Division St,210,Ashland Ave & Division St,Subscriber,Female,1986
2354660,6/30/2014 19:15,6/30/2014 19:18,2557,168,130,Damen Ave & Division St,210,Ashland Ave & Division St,Subscriber,Male,1985
2354659,6/30/2014 19:15,6/30/2014 19:19,1368,247,30,Ashland Ave & Augusta Blvd,350,Ashland Ave & Chicago Ave,Subscriber,Female,1979
2354657,6/30/2014 19:15,6/30/2014 19:21,2687,362,115,Sheffield Ave & Wellington Ave,296,Broadway & Belmont Ave,Subscriber,Male,1988
2354654,6/30/2014 19:14,6/30/2014 19:30,136,934,131,Lincoln Ave & Belmont Ave,254,Pine Grove Ave & Irving Park Rd,Customer,,
2354653,6/30/2014 19:14,6/30/2014 19:36,2582,1328,97,Museum Campus,97,Museum Campus,Customer,,
2354652,6/30/2014 19:14,7/1/2014 8:39,1477,48267,57,Clinton St & Roosevelt Rd,255,Indiana Ave & Roosevelt Rd,Subscriber,Male,1962
2354650,6/30/2014 19:14,6/30/2014 19:21,3003,400,283,LaSalle St & Jackson Blvd,59,Wabash Ave & Roosevelt Rd,Subscriber,Male,1980
2354648,6/30/2014 19:14,6/30/2014 19:17,2709,195,198,Halsted St & Madison St,77,Clinton St & Madison St,Subscriber,Male,1979
2354647,6/30/2014 19:13,6/30/2014 19:20,2558,399,340,Clark St & Wrightwood Ave,340,Clark St & Wrightwood Ave,Subscriber,Male,1989
2354646,6/30/2014 19:13,6/30/2014 19:21,2815,440,93,Sheffield Ave & Willow St,343,Racine Ave & Wrightwood Ave,Subscriber,Male,1983
2354644,6/30/2014 19:13,6/30/2014 19:31,957,1087,127,Lincoln Ave & Fullerton Ave,298,Lincoln Ave & Belle Plaine Ave,Subscriber,Male,1987
2354643,6/30/2014 19:13,6/30/2014 19:22,340,547,177,Theater on the Lake,291,Wells St & Evergreen Ave,Subscriber,Male,1980
2354642,6/30/2014 19:13,6/30/2014 19:18,623,302,50,Clark St & Congress Pkwy,174,Canal St & Madison St,Subscriber,Male,1970
2354641,6/30/2014 19:12,6/30/2014 19:59,2486,2805,112,Green St & Randolph St,20,Sheffield Ave & Kingsbury St,Subscriber,Female,1985
2354640,6/30/2014 19:12,6/30/2014 19:18,2173,346,301,Clark St & Schiller St,140,Dearborn Pkwy & Delaware Pl,Subscriber,Male,1987
2354639,6/30/2014 19:12,6/30/2014 19:20,2424,444,237,Martin Luther King Dr & 29th St,263,Rhodes Ave & 32nd St,Customer,,
2354638,6/30/2014 19:12,6/30/2014 19:26,2603,861,93,Sheffield Ave & Willow St,114,Sheffield Ave & Addison St,Subscriber,Male,1994
2354637,6/30/2014 19:11,6/30/2014 19:33,1387,1313,90,Millennium Park,150,Fort Dearborn Dr & 31st St,Customer,,
2354635,6/30/2014 19:12,6/30/2014 19:21,2182,529,177,Theater on the Lake,268,Lake Shore Dr & North Blvd,Customer,,
2354634,6/30/2014 19:12,6/30/2014 19:32,2970,1252,176,Clark St & Elm St,25,Michigan Ave & Pearson St,Subscriber,Male,1982
2354633,6/30/2014 19:11,6/30/2014 19:17,1314,334,98,LaSalle St & Washington St,52,Michigan Ave & Lake St,Subscriber,Male,1969
2354632,6/30/2014 19:11,6/30/2014 19:15,1371,216,137,Morgan Ave & 14th Pl,282,Halsted St & Maxwell St,Subscriber,Female,1984
2354631,6/30/2014 19:11,6/30/2014 19:15,2238,223,137,Morgan Ave & 14th Pl,282,Halsted St & Maxwell St,Subscriber,Male,1979
2354630,6/30/2014 19:11,6/30/2014 19:20,2293,506,196,Cityfront Plaza & N Water St,255,Indiana Ave & Roosevelt Rd,Subscriber,Male,1980
2354629,6/30/2014 19:11,6/30/2014 19:20,108,567,154,Southport Ave & Belmont Ave,299,Halsted St & Roscoe St,Subscriber,Female,1980
2354627,6/30/2014 19:07,6/30/2014 19:17,2149,578,47,State St & Kinzie St,36,Franklin St & Jackson Blvd,Subscriber,Male,1991
2354626,6/30/2014 19:06,6/30/2014 19:20,2957,860,47,State St & Kinzie St,30,Ashland Ave & Augusta Blvd,Subscriber,Male,1983
2354625,6/30/2014 19:07,6/30/2014 19:59,2074,3093,43,Michigan Ave & Washington St,277,Ashland Ave & Grand Ave,Subscriber,Male,1978
2354624,6/30/2014 19:10,6/30/2014 19:16,543,398,72,State St & 16th St,59,Wabash Ave & Roosevelt Rd,Subscriber,Female,1964
2354623,6/30/2014 19:10,6/30/2014 19:14,1783,261,57,Clinton St & Roosevelt Rd,68,Clinton St & Tilden St,Subscriber,Male,1972
2354622,6/30/2014 19:10,6/30/2014 19:37,881,1627,81,Daley Center Plaza,26,McClurg Ct & Illinois St,Customer,,
2354621,6/30/2014 19:10,6/30/2014 19:18,2487,512,53,Wells St & Erie St,233,Sangamon St & Washington Blvd,Subscriber,Male,1974
2354620,6/30/2014 19:10,6/30/2014 19:36,242,1544,81,Daley Center Plaza,26,McClurg Ct & Illinois St,Customer,,
2354619,6/30/2014 19:10,6/30/2014 19:19,2758,552,223,Clifton Ave & Armitage Ave,340,Clark St & Wrightwood Ave,Subscriber,Male,1989
2354618,6/30/2014 19:10,6/30/2014 19:18,2935,501,296,Broadway & Belmont Ave,304,Halsted St & Waveland Ave,Customer,,
2354616,6/30/2014 19:09,6/30/2014 19:17,2670,431,117,Wilton Ave & Belmont Ave,232,Pine Grove Ave & Waveland Ave,Subscriber,Female,1986
2354615,6/30/2014 19:09,6/30/2014 19:18,1604,529,296,Broadway & Belmont Ave,304,Halsted St & Waveland Ave,Customer,,
2354614,6/30/2014 19:09,6/30/2014 19:13,1916,282,57,Clinton St & Roosevelt Rd,55,Halsted St & James M Rochford St,Subscriber,Male,1993
2354612,6/30/2014 19:09,6/30/2014 19:18,1544,565,48,Larrabee St & Kingsbury St,47,State St & Kinzie St,Subscriber,Male,1986
2354611,6/30/2014 19:09,6/30/2014 19:12,2632,211,50,Clark St & Congress Pkwy,68,Clinton St & Tilden St,Subscriber,Male,1975
2354610,6/30/2014 19:09,6/30/2014 19:15,1132,376,317,Wood St & Taylor St,205,Paulina St & 18th St,Subscriber,Female,1980
2354609,6/30/2014 19:09,6/30/2014 19:20,2285,667,224,Halsted St & Willow St,219,Damen Ave & Cortland St,Subscriber,Male,1984
2354608,6/30/2014 19:09,6/30/2014 19:24,2636,951,111,Sedgwick St & Huron St,50,Clark St & Congress Pkwy,Subscriber,Female,1967
2354605,6/30/2014 19:08,6/30/2014 19:15,2020,421,211,St Clair St & Erie St,31,Franklin St & Chicago Ave,Subscriber,Male,1977
2354604,6/30/2014 19:08,6/30/2014 19:14,189,342,268,Lake Shore Dr & North Blvd,268,Lake Shore Dr & North Blvd,Customer,,
2354603,6/30/2014 19:08,6/30/2014 19:19,337,635,77,Clinton St & Madison St,84,Green St & Milwaukee Ave,Customer,,
2354601,6/30/2014 19:08,6/30/2014 19:27,1329,1104,175,Wells St & Polk St,192,Canal St & Adams St,Subscriber,Male,1983
2354600,6/30/2014 19:08,6/30/2014 19:29,2198,1260,141,Clark St & Lincoln Ave,211,St Clair St & Erie St,Customer,,
2354599,6/30/2014 19:08,6/30/2014 19:14,1546,333,300,Broadway & Barry Ave,117,Wilton Ave & Belmont Ave,Subscriber,Female,1987
2354598,6/30/2014 19:08,6/30/2014 19:29,1774,1256,141,Clark St & Lincoln Ave,211,St Clair St & Erie St,Customer,,
2354597,6/30/2014 19:08,6/30/2014 19:19,1142,664,77,Clinton St & Madison St,84,Green St & Milwaukee Ave,Subscriber,Female,1979
2354596,6/30/2014 19:08,6/30/2014 19:17,2715,557,175,Wells St & Polk St,19,Loomis St & Taylor St,Subscriber,Male,1992
2354595,6/30/2014 19:08,6/30/2014 19:17,1475,570,313,Lakeview Ave & Fullerton Pkwy,289,Wells St & Concord Ln,Subscriber,Female,1990
2354594,6/30/2014 19:08,6/30/2014 19:14,2824,410,5,State St & Harrison St,49,Dearborn St & Monroe St,Subscriber,Female,1988
2354593,6/30/2014 19:07,6/30/2014 19:17,1681,576,168,Michigan Ave & 14th St,37,Dearborn St & Adams St,Subscriber,Female,1977
2354591,6/30/2014 19:07,6/30/2014 19:22,1097,865,62,McCormick Place,237,Martin Luther King Dr & 29th St,Customer,,
2354590,6/30/2014 19:07,6/30/2014 19:22,553,878,62,McCormick Place,237,Martin Luther King Dr & 29th St,Customer,,
2354589,6/30/2014 19:07,6/30/2014 19:18,2877,660,51,Clark St & Randolph St,176,Clark St & Elm St,Subscriber,Male,1968
2354588,6/30/2014 19:07,6/30/2014 19:22,1901,906,178,State St & 19th St,339,Emerald Ave & 31st St,Customer,,
2354586,6/30/2014 19:02,6/30/2014 19:26,382,1434,110,State St & Erie St,16,Wood St & North Ave,Subscriber,Male,1979
2354585,6/30/2014 19:07,6/30/2014 19:13,474,388,143,Sedgwick St & Webster Ave,300,Broadway & Barry Ave,Subscriber,Male,1986
2354584,6/30/2014 19:07,6/30/2014 19:16,2859,567,195,Columbus Dr & Randolph St,195,Columbus Dr & Randolph St,Subscriber,Male,1976
2354583,6/30/2014 19:06,6/30/2014 19:21,1287,865,31,Franklin St & Chicago Ave,85,Michigan Ave & Oak St,Subscriber,Male,1984
2354582,6/30/2014 19:06,6/30/2014 19:11,2467,259,141,Clark St & Lincoln Ave,94,Clark St & Armitage Ave,Subscriber,Male,1968
2354580,6/30/2014 19:02,6/30/2014 19:10,2376,440,153,Southport Ave & Wellington Ave,114,Sheffield Ave & Addison St,Subscriber,Male,1970
2354579,6/30/2014 19:06,6/30/2014 19:13,3003,372,100,Orleans St & Merchandise Mart Plaza,283,LaSalle St & Jackson Blvd,Subscriber,Female,1988
2354578,6/30/2014 19:06,6/30/2014 19:17,769,630,325,Clark St & Winnemac Ave,306,Sheridan Rd & Buena Ave,Subscriber,Female,1991
2354577,6/30/2014 19:06,6/30/2014 19:12,1196,328,74,Kingsbury St & Erie St,91,Clinton St & Washington Blvd,Subscriber,Male,1969
2354575,6/30/2014 19:06,6/30/2014 19:10,2865,229,143,Sedgwick St & Webster Ave,141,Clark St & Lincoln Ave,Subscriber,Male,1983
2354574,6/30/2014 19:04,6/30/2014 19:09,1539,257,94,Clark St & Armitage Ave,225,Halsted St & Dickens Ave,Subscriber,Male,1969
2354573,6/30/2014 19:01,6/30/2014 19:07,891,363,94,Clark St & Armitage Ave,288,Larrabee St & Armitage Ave,Subscriber,Male,1960
2354572,6/30/2014 19:05,6/30/2014 19:22,2119,1035,57,Clinton St & Roosevelt Rd,206,Halsted St & Archer Ave,Customer,,
2354571,6/30/2014 18:53,6/30/2014 19:13,822,1203,29,Noble St & Milwaukee Ave,290,Kedzie Ave & Palmer Ct,Subscriber,Female,1980
2354568,6/30/2014 19:05,6/30/2014 19:50,2352,2683,113,Bissell St & Armitage Ave,144,Larrabee St & Webster Ave,Customer,,
2354567,6/30/2014 19:05,6/30/2014 19:55,270,3014,177,Theater on the Lake,67,Sheffield Ave & Fullerton Ave,Subscriber,Male,1982
2354566,6/30/2014 19:05,6/30/2014 19:12,2341,440,113,Bissell St & Armitage Ave,94,Clark St & Armitage Ave,Subscriber,Male,1972
2354565,6/30/2014 19:05,6/30/2014 19:08,2474,220,324,Stockton Dr & Wrightwood Ave,313,Lakeview Ave & Fullerton Pkwy,Subscriber,Male,1986
2354564,6/30/2014 19:05,6/30/2014 19:07,573,150,210,Ashland Ave & Division St,130,Damen Ave & Division St,Subscriber,Male,1977
2354563,6/30/2014 19:05,6/30/2014 19:21,2887,966,60,Dayton St & North Ave,300,Broadway & Barry Ave,Subscriber,Female,1985
2354562,6/30/2014 19:05,6/30/2014 19:18,361,776,338,Calumet Ave & 18th St,36,Franklin St & Jackson Blvd,Customer,,
2354556,6/30/2014 19:03,6/30/2014 19:09,2635,364,220,Hampden Ct & Diversey Pkwy,303,Broadway & Cornelia Ave,Subscriber,Male,1988
2354555,6/30/2014 19:03,6/30/2014 19:18,2363,896,280,Morgan St & 31st St,15,Racine Ave & 18th St,Subscriber,Female,1978
2354553,6/30/2014 19:03,6/30/2014 19:14,1016,673,250,Ashland Ave & Wellington Ave,162,Damen Ave & Wellington Ave,Customer,,
2354552,6/30/2014 19:03,6/30/2014 19:30,1480,1632,156,Clark St & Wellington Ave,219,Damen Ave & Cortland St,Subscriber,Male,1989
2354551,6/30/2014 19:03,6/30/2014 19:12,1464,552,258,Logan Blvd & Elston Ave,259,California Ave & Francis Pl,Subscriber,Male,1987
2354550,6/30/2014 19:03,6/30/2014 19:17,466,873,35,Streeter Dr & Illinois St,52,Michigan Ave & Lake St,Customer,,
2354549,6/30/2014 19:03,6/30/2014 19:09,2923,399,114,Sheffield Ave & Addison St,347,Ashland Ave & Grace St,Subscriber,Male,1976
2354548,6/30/2014 19:03,6/30/2014 19:09,1540,402,45,Michigan Ave & Congress Pkwy,168,Michigan Ave & 14th St,Subscriber,Male,1983
2354546,6/30/2014 19:02,6/30/2014 19:19,819,970,43,Michigan Ave & Washington St,199,Wabash Ave & Grand Ave,Subscriber,Male,1983
2354545,6/30/2014 19:02,6/30/2014 19:05,1995,130,68,Clinton St & Tilden St,73,Jefferson St & Monroe St,Subscriber,Male,1987
2354544,6/30/2014 19:02,6/30/2014 19:09,140,403,344,Wolcott Ave & Lawrence Ave,234,Clark St & Montrose Ave,Subscriber,Male,1984
2354543,6/30/2014 19:02,6/30/2014 19:08,947,348,164,Franklin St & Lake St,52,Michigan Ave & Lake St,Subscriber,Male,1985
2354542,6/30/2014 19:02,6/30/2014 19:18,2034,934,35,Streeter Dr & Illinois St,52,Michigan Ave & Lake St,Customer,,
2354541,6/30/2014 19:02,6/30/2014 19:06,1470,219,289,Wells St & Concord Ln,118,Sedgwick St & North Ave,Subscriber,Male,1987
2354540,6/30/2014 19:02,6/30/2014 19:08,530,346,164,Franklin St & Lake St,52,Michigan Ave & Lake St,Subscriber,Male,1988
2354539,6/30/2014 19:02,6/30/2014 19:14,1452,719,115,Sheffield Ave & Wellington Ave,340,Clark St & Wrightwood Ave,Subscriber,Male,1986
2354537,6/30/2014 19:01,6/30/2014 19:08,405,407,81,Daley Center Plaza,337,Clark St & Chicago Ave,Subscriber,Male,1989
2354536,6/30/2014 19:01,6/30/2014 19:04,24,158,80,Aberdeen St & Madison St,198,Halsted St & Madison St,Subscriber,Male,1968
2354535,6/30/2014 19:01,6/30/2014 19:08,1585,374,81,Daley Center Plaza,181,LaSalle St & Illinois St,Subscriber,Male,1980
2354534,6/30/2014 19:01,6/30/2014 19:09,469,465,199,Wabash Ave & Grand Ave,91,Clinton St & Washington Blvd,Subscriber,Male,1959
2354533,6/30/2014 19:01,6/30/2014 19:12,269,656,191,Canal St & Monroe St,74,Kingsbury St & Erie St,Subscriber,Male,1966
2354531,6/30/2014 19:01,6/30/2014 19:17,1190,1000,35,Streeter Dr & Illinois St,52,Michigan Ave & Lake St,Customer,,
2354530,6/30/2014 19:01,6/30/2014 19:22,2857,1283,50,Clark St & Congress Pkwy,237,Martin Luther King Dr & 29th St,Subscriber,Male,1983
2354529,6/30/2014 19:01,6/30/2014 19:12,478,698,100,Orleans St & Merchandise Mart Plaza,301,Clark St & Schiller St,Subscriber,Male,1986
2354526,6/30/2014 19:00,6/30/2014 19:12,134,701,301,Clark St & Schiller St,324,Stockton Dr & Wrightwood Ave,Subscriber,Male,1987
2354524,6/30/2014 19:00,6/30/2014 19:04,1961,256,289,Wells St & Concord Ln,94,Clark St & Armitage Ave,Subscriber,Male,1986
2354522,6/30/2014 19:00,6/30/2014 19:02,765,156,295,Broadway & Argyle St,325,Clark St & Winnemac Ave,Subscriber,Male,1988
2354521,6/30/2014 19:00,6/30/2014 19:10,2737,637,74,Kingsbury St & Erie St,289,Wells St & Concord Ln,Subscriber,Female,1984
2354519,6/30/2014 18:59,6/30/2014 19:05,1546,319,115,Sheffield Ave & Wellington Ave,300,Broadway & Barry Ave,Subscriber,Male,1983
2354518,6/30/2014 18:59,6/30/2014 19:10,286,631,24,Fairbanks Ct & Grand Ave,191,Canal St & Monroe St,Subscriber,Male,1993
2354517,6/30/2014 18:59,6/30/2014 19:11,2182,718,302,Sheffield Ave & Wrightwood Ave,177,Theater on the Lake,Customer,,
2354516,6/30/2014 18:59,6/30/2014 19:03,2165,265,321,Wabash Ave & 8th St,33,State St & Van Buren St,Subscriber,Male,1984
2354515,6/30/2014 18:59,6/30/2014 19:13,2314,862,294,Broadway & Berwyn Ave,325,Clark St & Winnemac Ave,Customer,,
2354514,6/30/2014 18:59,6/30/2014 19:50,308,3094,34,Cannon Dr & Fullerton Ave,34,Cannon Dr & Fullerton Ave,Customer,,
2354513,6/30/2014 18:59,6/30/2014 19:14,1144,888,211,St Clair St & Erie St,91,Clinton St & Washington Blvd,Subscriber,Male,1985
2354512,6/30/2014 18:57,6/30/2014 19:11,2548,888,315,Leavitt St & Hirsch St,290,Kedzie Ave & Palmer Ct,Subscriber,Male,1980
2354509,6/30/2014 18:59,6/30/2014 19:01,768,118,317,Wood St & Taylor St,342,Wolcott Ave & Polk St,Subscriber,Male,1970
2354508,6/30/2014 18:58,6/30/2014 19:26,779,1678,299,Halsted St & Roscoe St,299,Halsted St & Roscoe St,Customer,,
2354507,6/30/2014 18:58,6/30/2014 19:09,1313,642,90,Millennium Park,90,Millennium Park,Customer,,
2354506,6/30/2014 18:58,6/30/2014 19:05,2627,405,59,Wabash Ave & Roosevelt Rd,42,Wabash Ave & Cermak Rd,Customer,,
2354504,6/30/2014 18:58,6/30/2014 19:03,1916,270,55,Halsted St & James M Rochford St,57,Clinton St & Roosevelt Rd,Subscriber,Male,1993
2354503,6/30/2014 18:58,6/30/2014 19:12,2579,849,141,Clark St & Lincoln Ave,156,Clark St & Wellington Ave,Customer,,
2354501,6/30/2014 18:57,6/30/2014 19:05,1929,467,276,California Ave & North Ave,158,Milwaukee Ave & Wabansia Ave,Subscriber,Male,1981
2354500,6/30/2014 18:57,6/30/2014 19:03,516,335,21,Aberdeen St & Jackson Blvd,198,Halsted St & Madison St,Subscriber,Female,1961
2354499,6/30/2014 18:57,6/30/2014 19:02,2321,324,248,Woodlawn Ave & 55th St,121,Blackstone Ave & Hyde Park Blvd,Subscriber,Female,1948
2354497,6/30/2014 18:57,6/30/2014 19:19,2130,1335,337,Clark St & Chicago Ave,216,California Ave & Division St,Subscriber,Male,1976
2354496,6/30/2014 18:57,6/30/2014 19:03,1544,339,86,Eckhart Park,48,Larrabee St & Kingsbury St,Subscriber,Male,1978
2354495,6/30/2014 18:57,6/30/2014 19:26,737,1777,299,Halsted St & Roscoe St,299,Halsted St & Roscoe St,Customer,,
2354494,6/30/2014 18:57,6/30/2014 19:13,2917,961,77,Clinton St & Madison St,128,Damen Ave & Chicago Ave,Subscriber,Female,1983
2354493,6/30/2014 18:57,6/30/2014 19:08,1522,689,301,Clark St & Schiller St,54,Ogden Ave & Chicago Ave,Subscriber,Male,1987
2354492,6/30/2014 18:57,6/30/2014 19:03,2285,412,327,Sheffield Ave & Webster Ave,224,Halsted St & Willow St,Customer,,
2354490,6/30/2014 18:55,6/30/2014 19:03,784,461,174,Canal St & Madison St,175,Wells St & Polk St,Subscriber,Male,1975
2354489,6/30/2014 18:56,6/30/2014 19:15,984,1097,141,Clark St & Lincoln Ave,332,Halsted St & Diversey Pkwy,Customer,,
2354488,6/30/2014 18:56,6/30/2014 19:04,2302,446,302,Sheffield Ave & Wrightwood Ave,220,Hampden Ct & Diversey Pkwy,Subscriber,Male,1970
2354487,6/30/2014 18:56,6/30/2014 19:05,1195,530,118,Sedgwick St & North Ave,34,Cannon Dr & Fullerton Ave,Subscriber,Male,1978
2354486,6/30/2014 18:56,6/30/2014 19:08,484,716,268,Lake Shore Dr & North Blvd,224,Halsted St & Willow St,Subscriber,Male,1984
2354485,6/30/2014 18:56,6/30/2014 19:07,1309,709,98,LaSalle St & Washington St,176,Clark St & Elm St,Subscriber,Male,1990
2354484,6/30/2014 18:56,6/30/2014 19:05,736,530,152,Lincoln Ave & Diversey Pkwy,256,Broadway & Sheridan Rd,Subscriber,Male,1982
2354483,6/30/2014 18:55,6/30/2014 18:59,2088,228,28,Larrabee St & Menomonee St,225,Halsted St & Dickens Ave,Subscriber,Male,1990
2354482,6/30/2014 18:55,6/30/2014 19:01,2834,314,118,Sedgwick St & North Ave,94,Clark St & Armitage Ave,Subscriber,Female,1982
2354481,6/30/2014 18:55,6/30/2014 19:19,892,1434,232,Pine Grove Ave & Waveland Ave,156,Clark St & Wellington Ave,Subscriber,Female,1981
2354480,6/30/2014 18:55,6/30/2014 19:04,873,542,74,Kingsbury St & Erie St,331,Halsted St & Blackhawk St,Subscriber,Male,1983
2354479,6/30/2014 18:55,6/30/2014 19:00,517,267,100,Orleans St & Merchandise Mart Plaza,66,Clinton St & Lake St,Subscriber,Male,1981
2354476,6/30/2014 18:55,6/30/2014 19:17,2744,1289,177,Theater on the Lake,314,Ravenswood Ave & Berteau Ave,Subscriber,Female,1987
2354475,6/30/2014 18:55,6/30/2014 18:57,2603,120,60,Dayton St & North Ave,93,Sheffield Ave & Willow St,Subscriber,Male,1983
2354474,6/30/2014 18:54,6/30/2014 19:04,1173,584,14,Morgan St & 18th St,109,900 W Harrison,Subscriber,Female,1972
2354473,6/30/2014 18:52,6/30/2014 18:59,1548,430,49,Dearborn St & Monroe St,112,Green St & Randolph St,Subscriber,Male,1976
2354472,6/30/2014 18:54,6/30/2014 19:01,242,409,73,Jefferson St & Monroe St,81,Daley Center Plaza,Subscriber,Female,1983
2354471,6/30/2014 18:55,6/30/2014 19:01,2534,365,158,Milwaukee Ave & Wabansia Ave,213,Leavitt St & North Ave,Subscriber,Female,1987
2354469,6/30/2014 18:54,6/30/2014 19:13,443,1118,294,Broadway & Berwyn Ave,325,Clark St & Winnemac Ave,Customer,,
2354468,6/30/2014 18:54,6/30/2014 19:37,1357,2551,177,Theater on the Lake,294,Broadway & Berwyn Ave,Customer,,
2354467,6/30/2014 18:54,6/30/2014 18:59,1961,293,138,Clybourn Ave & Division St,289,Wells St & Concord Ln,Subscriber,Male,1988
2354466,6/30/2014 18:54,6/30/2014 19:37,853,2564,177,Theater on the Lake,294,Broadway & Berwyn Ave,Customer,,
2354465,6/30/2014 18:54,6/30/2014 19:04,2877,576,85,Michigan Ave & Oak St,51,Clark St & Randolph St,Subscriber,Male,1978
2354464,6/30/2014 18:54,6/30/2014 19:17,798,1385,338,Calumet Ave & 18th St,284,Michigan Ave & Jackson Blvd,Customer,,
2354463,6/30/2014 18:54,6/30/2014 19:02,2234,493,77,Clinton St & Madison St,84,Green St & Milwaukee Ave,Subscriber,Male,1985
2354462,6/30/2014 18:54,6/30/2014 18:59,925,322,49,Dearborn St & Monroe St,77,Clinton St & Madison St,Subscriber,Male,1975
2354461,6/30/2014 18:54,6/30/2014 19:02,2190,515,301,Clark St & Schiller St,212,Wells St & Hubbard St,Subscriber,Male,1977
2354460,6/30/2014 18:54,6/30/2014 18:59,2864,325,51,Clark St & Randolph St,52,Michigan Ave & Lake St,Subscriber,Male,1949
2354459,6/30/2014 18:53,6/30/2014 19:37,1883,2594,177,Theater on the Lake,294,Broadway & Berwyn Ave,Customer,,
2354458,6/30/2014 18:53,6/30/2014 19:37,2678,2619,177,Theater on the Lake,294,Broadway & Berwyn Ave,Customer,,
2354457,6/30/2014 18:53,6/30/2014 19:00,1207,413,77,Clinton St & Madison St,175,Wells St & Polk St,Subscriber,Male,1975
2354456,6/30/2014 18:53,6/30/2014 19:22,1214,1729,81,Daley Center Plaza,296,Broadway & Belmont Ave,Subscriber,Male,1987
2354455,6/30/2014 18:53,6/30/2014 18:59,764,337,345,Lake Park Ave & 56th St,247,Shore Drive & 55th St,Subscriber,Male,1951
2354454,6/30/2014 18:53,6/30/2014 19:09,2121,968,17,Wood St & Division St,305,Western Ave & Division St,Subscriber,Female,1959
2354452,6/30/2014 18:53,6/30/2014 18:57,2875,240,73,Jefferson St & Monroe St,66,Clinton St & Lake St,Subscriber,Male,1991
2354451,6/30/2014 18:53,6/30/2014 19:00,1482,428,198,Halsted St & Madison St,98,LaSalle St & Washington St,Subscriber,Male,1980
2354450,6/30/2014 18:53,6/30/2014 19:18,941,1488,177,Theater on the Lake,199,Wabash Ave & Grand Ave,Subscriber,Male,1954
2354449,6/30/2014 18:53,6/30/2014 18:57,2975,282,174,Canal St & Madison St,80,Aberdeen St & Madison St,Customer,,
2354448,6/30/2014 18:52,6/30/2014 19:17,934,1493,338,Calumet Ave & 18th St,284,Michigan Ave & Jackson Blvd,Customer,,
2354447,6/30/2014 18:52,6/30/2014 18:57,2983,313,282,Halsted St & Maxwell St,274,Racine Ave & 15th St,Subscriber,Male,1986
2354446,6/30/2014 18:52,6/30/2014 18:56,1777,251,152,Lincoln Ave & Diversey Pkwy,190,Southport Ave & Wrightwood Ave,Subscriber,Male,1992
2354445,6/30/2014 18:52,6/30/2014 19:10,2443,1055,90,Millennium Park,35,Streeter Dr & Illinois St,Customer,,
2354444,6/30/2014 18:52,6/30/2014 18:56,1959,256,91,Clinton St & Washington Blvd,56,Desplaines St & Kinzie St,Subscriber,Male,1983
2354441,6/30/2014 18:52,6/30/2014 18:59,465,440,55,Halsted St & James M Rochford St,75,Canal St & Jackson Blvd,Subscriber,Male,1955
2354440,6/30/2014 18:52,6/30/2014 18:56,2289,250,75,Canal St & Jackson Blvd,198,Halsted St & Madison St,Subscriber,Male,1972
2354439,6/30/2014 18:52,6/30/2014 19:04,2783,726,91,Clinton St & Washington Blvd,106,State St & Pearson St,Subscriber,Male,1963
2354437,6/30/2014 18:52,6/30/2014 19:05,2775,763,143,Sedgwick St & Webster Ave,303,Broadway & Cornelia Ave,Subscriber,Male,1955
2354436,6/30/2014 18:52,6/30/2014 19:09,2181,1052,90,Millennium Park,35,Streeter Dr & Illinois St,Customer,,
2354435,6/30/2014 18:52,6/30/2014 19:01,2888,557,58,Marshfield Ave & Cortland St,310,Damen Ave & Charleston St,Subscriber,Female,1985
2354432,6/30/2014 18:51,6/30/2014 19:11,2742,1156,174,Canal St & Madison St,92,Carpenter St & Huron St,Subscriber,Female,1985
2354431,6/30/2014 18:51,6/30/2014 19:04,262,773,98,LaSalle St & Washington St,59,Wabash Ave & Roosevelt Rd,Subscriber,Male,1980
2354430,6/30/2014 18:51,6/30/2014 19:02,1527,616,91,Clinton St & Washington Blvd,337,Clark St & Chicago Ave,Subscriber,Male,1990
2354429,6/30/2014 18:51,6/30/2014 18:53,835,148,183,Damen Ave & Augusta Blvd,130,Damen Ave & Division St,Subscriber,Male,1975
2354427,6/30/2014 18:48,6/30/2014 18:58,2617,563,173,Mies van der Rohe Way & Chicago Ave,291,Wells St & Evergreen Ave,Subscriber,Male,1982
2354426,6/30/2014 18:51,6/30/2014 19:06,1851,922,255,Indiana Ave & Roosevelt Rd,284,Michigan Ave & Jackson Blvd,Customer,,
2354424,6/30/2014 18:51,6/30/2014 19:06,2918,906,255,Indiana Ave & Roosevelt Rd,284,Michigan Ave & Jackson Blvd,Customer,,
2354422,6/30/2014 18:51,6/30/2014 19:13,957,1308,81,Daley Center Plaza,127,Lincoln Ave & Fullerton Ave,Subscriber,Male,1987
2354421,6/30/2014 18:51,6/30/2014 19:00,191,560,227,Southport Ave & Waveland Ave,257,Lincoln Ave & Waveland Ave,Subscriber,Female,1989
2354418,6/30/2014 18:51,6/30/2014 19:01,2656,613,91,Clinton St & Washington Blvd,140,Dearborn Pkwy & Delaware Pl,Subscriber,Male,1984
2354417,6/30/2014 18:50,6/30/2014 19:08,2670,1052,114,Sheffield Ave & Addison St,117,Wilton Ave & Belmont Ave,Customer,,
2354416,6/30/2014 18:50,6/30/2014 19:08,2540,1042,114,Sheffield Ave & Addison St,117,Wilton Ave & Belmont Ave,Customer,,
2354415,6/30/2014 18:50,6/30/2014 19:18,860,1681,33,State St & Van Buren St,45,Michigan Ave & Congress Pkwy,Customer,,
2354414,6/30/2014 18:50,6/30/2014 18:56,2149,361,90,Millennium Park,47,State St & Kinzie St,Subscriber,Male,1970
2354413,6/30/2014 18:50,6/30/2014 19:01,2348,681,35,Streeter Dr & Illinois St,268,Lake Shore Dr & North Blvd,Customer,,
2354411,6/30/2014 18:48,6/30/2014 18:59,719,622,91,Clinton St & Washington Blvd,84,Green St & Milwaukee Ave,Subscriber,Male,1971
2354410,6/30/2014 18:50,6/30/2014 19:07,1640,995,126,Clark St & North Ave,54,Ogden Ave & Chicago Ave,Customer,,
2354409,6/30/2014 18:50,6/30/2014 19:10,1047,1183,247,Shore Drive & 55th St,247,Shore Drive & 55th St,Customer,,
2354408,6/30/2014 18:50,6/30/2014 18:59,2957,525,191,Canal St & Monroe St,47,State St & Kinzie St,Subscriber,Male,1983
2354407,6/30/2014 18:49,6/30/2014 18:59,2719,600,49,Dearborn St & Monroe St,321,Wabash Ave & 8th St,Subscriber,Male,1990
2354406,6/30/2014 18:50,6/30/2014 18:59,728,555,58,Marshfield Ave & Cortland St,130,Damen Ave & Division St,Subscriber,Male,1984
2354405,6/30/2014 18:50,6/30/2014 19:18,1334,1706,33,State St & Van Buren St,45,Michigan Ave & Congress Pkwy,Customer,,
2354402,6/30/2014 18:50,6/30/2014 19:01,1616,653,46,Wells St & Walton St,199,Wabash Ave & Grand Ave,Customer,,
2354401,6/30/2014 18:47,6/30/2014 18:54,1183,411,81,Daley Center Plaza,75,Canal St & Jackson Blvd,Subscriber,Male,1980
2354400,6/30/2014 18:47,6/30/2014 19:16,1879,1768,81,Daley Center Plaza,327,Sheffield Ave & Webster Ave,Subscriber,Male,1973
2354398,6/30/2014 18:50,6/30/2014 19:10,2453,1207,247,Shore Drive & 55th St,247,Shore Drive & 55th St,Customer,,
2354397,6/30/2014 18:49,6/30/2014 18:57,308,434,34,Cannon Dr & Fullerton Ave,34,Cannon Dr & Fullerton Ave,Customer,,
2354395,6/30/2014 18:49,6/30/2014 19:05,270,960,140,Dearborn Pkwy & Delaware Pl,177,Theater on the Lake,Subscriber,Male,1982
2354394,6/30/2014 18:48,6/30/2014 18:56,1521,512,303,Broadway & Cornelia Ave,13,Wilton Ave & Diversey Pkwy,Subscriber,Male,1991
2354393,6/30/2014 18:49,6/30/2014 18:58,1467,528,49,Dearborn St & Monroe St,5,State St & Harrison St,Subscriber,Male,1956
2354392,6/30/2014 18:49,6/30/2014 18:52,2634,170,337,Clark St & Chicago Ave,25,Michigan Ave & Pearson St,Subscriber,Male,1989
2354391,6/30/2014 18:49,6/30/2014 18:59,2389,607,71,Morgan St & Lake St,26,McClurg Ct & Illinois St,Subscriber,Male,1988
2354390,6/30/2014 18:48,6/30/2014 19:06,2557,1043,260,Kedzie Ave & Milwaukee Ave,130,Damen Ave & Division St,Subscriber,Female,1982
2354389,6/30/2014 18:48,6/30/2014 19:05,1730,1019,197,Michigan Ave & Madison St,338,Calumet Ave & 18th St,Customer,,
2354388,6/30/2014 18:48,6/30/2014 18:52,2547,231,225,Halsted St & Dickens Ave,28,Larrabee St & Menomonee St,Subscriber,Male,1990
2354387,6/30/2014 18:48,6/30/2014 19:06,1046,1090,287,Franklin St & Arcade Pl,333,Ashland Ave & Blackhawk St,Customer,,
2354386,6/30/2014 18:47,6/30/2014 19:02,1178,846,250,Ashland Ave & Wellington Ave,157,Lake Shore Dr & Wellington Ave,Subscriber,Female,1984
2354385,6/30/2014 18:48,6/30/2014 19:06,1901,1083,90,Millennium Park,178,State St & 19th St,Customer,,
2354384,6/30/2014 18:48,6/30/2014 19:08,2582,1222,97,Museum Campus,97,Museum Campus,Customer,,
2354383,6/30/2014 18:48,6/30/2014 18:55,2233,427,306,Sheridan Rd & Buena Ave,238,Ravenswood Ave & Montrose Ave,Subscriber,Male,1984
2354382,6/30/2014 18:48,6/30/2014 18:51,832,214,87,Racine Ave & Fullerton Ave,190,Southport Ave & Wrightwood Ave,Subscriber,Male,1990
2354379,6/30/2014 18:47,6/30/2014 19:06,496,1152,174,Canal St & Madison St,128,Damen Ave & Chicago Ave,Subscriber,Male,1979
2354378,6/30/2014 18:47,6/30/2014 19:07,2397,1164,237,Martin Luther King Dr & 29th St,62,McCormick Place,Customer,,
2354377,6/30/2014 18:47,6/30/2014 19:07,1097,1169,237,Martin Luther King Dr & 29th St,62,McCormick Place,Customer,,
2354376,6/30/2014 18:47,6/30/2014 19:00,573,777,164,Franklin St & Lake St,210,Ashland Ave & Division St,Subscriber,Male,1977
2354374,6/30/2014 18:47,6/30/2014 19:01,493,825,57,Clinton St & Roosevelt Rd,32,Racine Ave & Congress Pkwy,Subscriber,Male,1988
2354371,6/30/2014 18:46,6/30/2014 19:01,3029,856,77,Clinton St & Madison St,14,Morgan St & 18th St,Subscriber,Male,1989
2354369,6/30/2014 18:46,6/30/2014 19:01,1622,873,57,Clinton St & Roosevelt Rd,32,Racine Ave & Congress Pkwy,Subscriber,Female,1986
2354368,6/30/2014 18:46,6/30/2014 18:51,2111,257,320,Loomis St & Lexington St,22,May St & Taylor St,Subscriber,Male,1978
2354367,6/30/2014 18:43,6/30/2014 18:46,868,178,254,Pine Grove Ave & Irving Park Rd,304,Halsted St & Waveland Ave,Subscriber,Male,1980
2354366,6/30/2014 18:46,6/30/2014 18:50,2915,265,123,California Ave & Milwaukee Ave,116,Western Ave & Winnebago Ave,Subscriber,Male,1987
2354365,6/30/2014 18:46,6/30/2014 18:54,879,507,20,Sheffield Ave & Kingsbury St,138,Clybourn Ave & Division St,Customer,,
2354364,6/30/2014 18:46,6/30/2014 18:54,938,507,257,Lincoln Ave & Waveland Ave,234,Clark St & Montrose Ave,Subscriber,Male,1984
2354363,6/30/2014 18:46,6/30/2014 18:54,94,484,191,Canal St & Monroe St,84,Green St & Milwaukee Ave,Subscriber,Male,1968
2354362,6/30/2014 18:46,6/30/2014 18:59,579,785,31,Franklin St & Chicago Ave,264,Stetson Ave & South Water St,Subscriber,Male,1976
2354359,6/30/2014 18:45,6/30/2014 19:12,2360,1619,90,Millennium Park,90,Millennium Park,Customer,,
2354358,6/30/2014 18:45,6/30/2014 18:49,2028,195,36,Franklin St & Jackson Blvd,175,Wells St & Polk St,Subscriber,Male,1983
2354355,6/30/2014 18:45,6/30/2014 19:12,1847,1617,90,Millennium Park,90,Millennium Park,Customer,,
2354354,6/30/2014 18:45,6/30/2014 18:51,565,357,204,Prairie Ave & Garfield Blvd,328,Ellis Ave & 58th St,Subscriber,Male,1986
2354351,6/30/2014 18:45,6/30/2014 18:47,2534,146,309,Leavitt St & Armitage Ave,158,Milwaukee Ave & Wabansia Ave,Subscriber,Male,1986
2354349,6/30/2014 18:41,6/30/2014 18:51,1234,604,42,Wabash Ave & Cermak Rd,272,Indiana Ave & 31st St,Subscriber,Male,1969
2354348,6/30/2014 18:45,6/30/2014 18:49,2202,261,311,Lincoln Ave & Eastwood Ave,316,Damen Ave & Sunnyside Ave,Subscriber,Male,1989
2354347,6/30/2014 18:45,6/30/2014 18:53,2207,495,100,Orleans St & Merchandise Mart Plaza,192,Canal St & Adams St,Subscriber,Male,1965
2354346,6/30/2014 18:45,6/30/2014 18:48,1770,199,202,Halsted St & 18th St,15,Racine Ave & 18th St,Subscriber,Male,1976
2354345,6/30/2014 18:45,6/30/2014 18:50,1910,346,49,Dearborn St & Monroe St,43,Michigan Ave & Washington St,Subscriber,Male,1978
2354344,6/30/2014 18:45,6/30/2014 18:46,1788,118,242,Damen Ave & Leland Ave,344,Wolcott Ave & Lawrence Ave,Subscriber,Male,1977
2354342,6/30/2014 18:44,6/30/2014 18:50,2636,309,100,Orleans St & Merchandise Mart Plaza,111,Sedgwick St & Huron St,Subscriber,Female,1985
2354341,6/30/2014 18:44,6/30/2014 18:50,1156,352,108,Halsted St & Polk St,19,Loomis St & Taylor St,Subscriber,Male,1987
2354340,6/30/2014 18:44,6/30/2014 18:50,1042,315,100,Orleans St & Merchandise Mart Plaza,111,Sedgwick St & Huron St,Subscriber,Male,1986
2354339,6/30/2014 18:44,6/30/2014 18:49,1603,316,140,Dearborn Pkwy & Delaware Pl,301,Clark St & Schiller St,Subscriber,Male,1945
2354338,6/30/2014 18:44,6/30/2014 18:50,2689,361,108,Halsted St & Polk St,19,Loomis St & Taylor St,Subscriber,Female,1982
2354334,6/30/2014 18:44,6/30/2014 18:46,71,121,156,Clark St & Wellington Ave,300,Broadway & Barry Ave,Subscriber,Male,1993
2354333,6/30/2014 18:44,6/30/2014 18:48,1084,283,225,Halsted St & Dickens Ave,28,Larrabee St & Menomonee St,Customer,,
2354332,6/30/2014 18:33,6/30/2014 18:44,677,667,61,Wood St & Milwaukee Ave,123,California Ave & Milwaukee Ave,Subscriber,Female,1978
2354330,6/30/2014 18:43,6/30/2014 18:59,2691,924,49,Dearborn St & Monroe St,210,Ashland Ave & Division St,Subscriber,Male,1990
2354326,6/30/2014 18:43,6/30/2014 18:46,2901,146,232,Pine Grove Ave & Waveland Ave,304,Halsted St & Waveland Ave,Subscriber,Female,1988
2354324,6/30/2014 18:43,6/30/2014 18:59,2573,957,217,May St & Fulton St,52,Michigan Ave & Lake St,Subscriber,Male,1986
2354322,6/30/2014 18:43,6/30/2014 18:54,1992,683,108,Halsted St & Polk St,207,Emerald Ave & 28th St,Subscriber,Female,1963
2354320,6/30/2014 18:43,6/30/2014 19:12,1723,1714,173,Mies van der Rohe Way & Chicago Ave,256,Broadway & Sheridan Rd,Subscriber,Male,1984
2354319,6/30/2014 18:43,6/30/2014 18:59,773,987,15,Racine Ave & 18th St,278,Wallace Ave & 35th St,Customer,,
2354318,6/30/2014 18:43,6/30/2014 19:00,2910,1003,15,Racine Ave & 18th St,278,Wallace Ave & 35th St,Customer,,
2354317,6/30/2014 18:42,6/30/2014 18:46,1429,220,210,Ashland Ave & Division St,130,Damen Ave & Division St,Subscriber,Male,1983
2354316,6/30/2014 18:42,6/30/2014 18:49,1474,372,57,Clinton St & Roosevelt Rd,282,Halsted St & Maxwell St,Subscriber,Female,1987
2354313,6/30/2014 18:42,6/30/2014 19:07,340,1467,246,Ashland Ave & Belle Plaine Ave,177,Theater on the Lake,Subscriber,Male,1980
2354312,6/30/2014 18:42,6/30/2014 18:51,570,494,195,Columbus Dr & Randolph St,181,LaSalle St & Illinois St,Subscriber,Male,1985
2354311,6/30/2014 18:42,6/30/2014 18:49,1468,431,81,Daley Center Plaza,192,Canal St & Adams St,Subscriber,Male,1962
2354310,6/30/2014 18:42,6/30/2014 18:46,2070,218,5,State St & Harrison St,45,Michigan Ave & Congress Pkwy,Subscriber,Female,1989
2354309,6/30/2014 18:42,6/30/2014 19:00,609,1057,69,Damen Ave & Pierce Ave,143,Sedgwick St & Webster Ave,Subscriber,Male,1969
2354308,6/30/2014 18:42,6/30/2014 19:11,2475,1769,256,Broadway & Sheridan Rd,173,Mies van der Rohe Way & Chicago Ave,Customer,,
2354307,6/30/2014 18:42,6/30/2014 18:46,407,249,54,Ogden Ave & Chicago Ave,48,Larrabee St & Kingsbury St,Subscriber,Male,1970
2354306,6/30/2014 18:42,6/30/2014 18:44,1731,150,299,Halsted St & Roscoe St,303,Broadway & Cornelia Ave,Subscriber,Male,1984
2354302,6/30/2014 18:42,6/30/2014 18:46,1548,236,191,Canal St & Monroe St,49,Dearborn St & Monroe St,Subscriber,Male,1985
2354300,6/30/2014 18:42,6/30/2014 18:50,1964,511,48,Larrabee St & Kingsbury St,29,Noble St & Milwaukee Ave,Subscriber,Male,1984
2354298,6/30/2014 18:41,6/30/2014 18:43,2419,115,230,Lincoln Ave & Roscoe St,330,Lincoln Ave & Addison St,Subscriber,Male,1986
2354295,6/30/2014 18:41,6/30/2014 18:47,2487,367,173,Mies van der Rohe Way & Chicago Ave,53,Wells St & Erie St,Subscriber,Male,1980
2354294,6/30/2014 18:41,6/30/2014 21:01,974,8417,195,Columbus Dr & Randolph St,37,Dearborn St & Adams St,Customer,,
2354293,6/30/2014 18:41,6/30/2014 18:52,873,669,49,Dearborn St & Monroe St,74,Kingsbury St & Erie St,Subscriber,Male,1983
2354292,6/30/2014 18:41,6/30/2014 18:46,2670,307,304,Halsted St & Waveland Ave,114,Sheffield Ave & Addison St,Customer,,
2354291,6/30/2014 18:41,6/30/2014 18:47,102,388,210,Ashland Ave & Division St,305,Western Ave & Division St,Subscriber,Female,1989
2354290,6/30/2014 18:41,6/30/2014 18:51,2584,611,50,Clark St & Congress Pkwy,146,Loomis St & Jackson Blvd,Subscriber,Male,1986
2354289,6/30/2014 18:41,6/30/2014 18:46,2540,309,304,Halsted St & Waveland Ave,114,Sheffield Ave & Addison St,Customer,,
2354287,6/30/2014 18:41,6/30/2014 18:48,1065,440,53,Wells St & Erie St,192,Canal St & Adams St,Subscriber,Male,1968
2354286,6/30/2014 18:41,6/30/2014 18:46,2909,291,284,Michigan Ave & Jackson Blvd,255,Indiana Ave & Roosevelt Rd,Subscriber,Male,1962
2354284,6/30/2014 18:41,6/30/2014 19:02,2596,1277,141,Clark St & Lincoln Ave,173,Mies van der Rohe Way & Chicago Ave,Customer,,
2354283,6/30/2014 18:41,6/30/2014 18:57,1817,1007,268,Lake Shore Dr & North Blvd,329,Lake Shore Dr & Diversey Pkwy,Subscriber,Male,1983
2354282,6/30/2014 18:41,6/30/2014 18:43,790,168,306,Sheridan Rd & Buena Ave,245,Clarendon Ave & Junior Ter,Subscriber,Male,1986
2354281,6/30/2014 18:41,6/30/2014 19:00,2458,1183,175,Wells St & Polk St,274,Racine Ave & 15th St,Subscriber,Female,1979
2354280,6/30/2014 18:41,6/30/2014 18:47,48,358,318,Southport Ave & Irving Park Rd,254,Pine Grove Ave & Irving Park Rd,Subscriber,Female,1990
2354279,6/30/2014 18:40,6/30/2014 18:52,3019,700,196,Cityfront Plaza & N Water St,35,Streeter Dr & Illinois St,Customer,,
2354278,6/30/2014 18:39,6/30/2014 18:47,1149,467,92,Carpenter St & Huron St,174,Canal St & Madison St,Subscriber,Male,1954
2354277,6/30/2014 18:40,6/30/2014 19:00,485,1146,15,Racine Ave & 18th St,278,Wallace Ave & 35th St,Customer,,
2354276,6/30/2014 18:40,6/30/2014 19:03,152,1354,141,Clark St & Lincoln Ave,173,Mies van der Rohe Way & Chicago Ave,Customer,,
2354275,6/30/2014 18:40,6/30/2014 18:57,1112,1031,268,Lake Shore Dr & North Blvd,329,Lake Shore Dr & Diversey Pkwy,Subscriber,Female,1989
2354273,6/30/2014 18:37,6/30/2014 18:59,3020,1285,58,Marshfield Ave & Cortland St,303,Broadway & Cornelia Ave,Subscriber,Male,1982
2354272,6/30/2014 18:40,6/30/2014 19:03,411,1355,141,Clark St & Lincoln Ave,173,Mies van der Rohe Way & Chicago Ave,Customer,,
2354271,6/30/2014 18:40,6/30/2014 19:00,659,1164,15,Racine Ave & 18th St,278,Wallace Ave & 35th St,Customer,,
2354268,6/30/2014 18:40,6/30/2014 18:48,2083,461,99,Lake Shore Dr & Ohio St,212,Wells St & Hubbard St,Subscriber,Male,1983
2354267,6/30/2014 18:36,6/30/2014 18:49,270,763,91,Clinton St & Washington Blvd,140,Dearborn Pkwy & Delaware Pl,Subscriber,Male,1982
2354266,6/30/2014 18:40,6/30/2014 18:45,2287,329,199,Wabash Ave & Grand Ave,264,Stetson Ave & South Water St,Subscriber,Male,1954
2354264,6/30/2014 18:40,6/30/2014 18:46,1046,352,33,State St & Van Buren St,287,Franklin St & Arcade Pl,Subscriber,Female,1980
2354263,6/30/2014 18:40,6/30/2014 18:49,72,537,129,Blue Island Ave & 18th St,206,Halsted St & Archer Ave,Subscriber,Male,1964
2354262,6/30/2014 18:39,6/30/2014 18:58,1341,1088,199,Wabash Ave & Grand Ave,210,Ashland Ave & Division St,Subscriber,Male,1987
2354261,6/30/2014 18:40,6/30/2014 18:48,1445,531,195,Columbus Dr & Randolph St,174,Canal St & Madison St,Subscriber,Male,1975
2354260,6/30/2014 18:40,6/30/2014 18:45,2655,312,73,Jefferson St & Monroe St,21,Aberdeen St & Jackson Blvd,Subscriber,Female,1982
2354259,6/30/2014 18:39,6/30/2014 18:44,1717,244,305,Western Ave & Division St,216,California Ave & Division St,Subscriber,Male,1979
2354258,6/30/2014 18:40,6/30/2014 19:01,255,1269,144,Larrabee St & Webster Ave,307,Southport Ave & Clybourn Ave,Subscriber,Female,1978
2354257,6/30/2014 18:40,6/30/2014 18:45,1554,324,53,Wells St & Erie St,291,Wells St & Evergreen Ave,Subscriber,Male,1982
2354255,6/30/2014 18:39,6/30/2014 18:59,909,1160,22,May St & Taylor St,178,State St & 19th St,Customer,,
2354254,6/30/2014 18:39,6/30/2014 18:47,2494,442,47,State St & Kinzie St,66,Clinton St & Lake St,Subscriber,Male,1987
2354253,6/30/2014 18:39,6/30/2014 18:42,2028,147,175,Wells St & Polk St,36,Franklin St & Jackson Blvd,Subscriber,Male,1960
2354252,6/30/2014 18:39,6/30/2014 18:51,1297,688,117,Wilton Ave & Belmont Ave,319,Greenview Ave & Diversey Pkwy,Subscriber,Female,1992
2354251,6/30/2014 18:39,6/30/2014 18:48,2764,527,268,Lake Shore Dr & North Blvd,337,Clark St & Chicago Ave,Subscriber,Male,1985
2354248,6/30/2014 18:39,6/30/2014 18:44,958,279,337,Clark St & Chicago Ave,301,Clark St & Schiller St,Subscriber,Male,1977
2354247,6/30/2014 18:39,6/30/2014 18:58,2753,1148,198,Halsted St & Madison St,207,Emerald Ave & 28th St,Subscriber,Female,1984
2354246,6/30/2014 18:38,6/30/2014 18:44,1360,330,16,Wood St & North Ave,130,Damen Ave & Division St,Subscriber,Female,1986
2354245,6/30/2014 18:39,6/30/2014 19:04,2595,1504,69,Damen Ave & Pierce Ave,20,Sheffield Ave & Kingsbury St,Customer,,
2354243,6/30/2014 18:38,6/30/2014 18:54,2744,944,35,Streeter Dr & Illinois St,177,Theater on the Lake,Subscriber,Female,1987
2354240,6/30/2014 18:38,6/30/2014 18:53,1880,871,49,Dearborn St & Monroe St,137,Morgan Ave & 14th Pl,Subscriber,Male,1986
2354239,6/30/2014 18:38,6/30/2014 18:57,2579,1134,176,Clark St & Elm St,141,Clark St & Lincoln Ave,Customer,,
2354237,6/30/2014 18:38,6/30/2014 19:02,2628,1490,268,Lake Shore Dr & North Blvd,134,Peoria St & Jackson Blvd,Customer,,
2354235,6/30/2014 18:38,6/30/2014 18:44,1959,388,169,Canal St & Harrison St,91,Clinton St & Washington Blvd,Subscriber,Male,1982
2354232,6/30/2014 18:38,6/30/2014 18:44,2300,400,198,Halsted St & Madison St,66,Clinton St & Lake St,Subscriber,Male,1978
2354231,6/30/2014 18:37,6/30/2014 18:43,2372,309,91,Clinton St & Washington Blvd,56,Desplaines St & Kinzie St,Subscriber,Male,1980
2354230,6/30/2014 18:37,6/30/2014 18:42,705,287,230,Lincoln Ave & Roscoe St,347,Ashland Ave & Grace St,Subscriber,Male,1970
2354229,6/30/2014 18:37,6/30/2014 18:46,1771,518,50,Clark St & Congress Pkwy,134,Peoria St & Jackson Blvd,Subscriber,Female,1988
2354228,6/30/2014 18:35,6/30/2014 18:41,21,366,204,Prairie Ave & Garfield Blvd,248,Woodlawn Ave & 55th St,Subscriber,Female,1989
2354227,6/30/2014 18:37,6/30/2014 18:59,2778,1278,304,Halsted St & Waveland Ave,236,Sedgwick St & Schiller St,Subscriber,Male,1980
2354223,6/30/2014 18:37,6/30/2014 19:06,2026,1750,74,Kingsbury St & Erie St,90,Millennium Park,Customer,,
2354222,6/30/2014 18:37,6/30/2014 18:49,2003,744,106,State St & Pearson St,110,State St & Erie St,Customer,,
2354221,6/30/2014 18:37,6/30/2014 18:49,798,713,321,Wabash Ave & 8th St,338,Calumet Ave & 18th St,Subscriber,Male,1980
2354220,6/30/2014 18:37,6/30/2014 18:45,2583,500,43,Michigan Ave & Washington St,91,Clinton St & Washington Blvd,Subscriber,Female,1994
2354219,6/30/2014 18:37,6/30/2014 18:41,1299,255,21,Aberdeen St & Jackson Blvd,146,Loomis St & Jackson Blvd,Subscriber,Male,1993
2354217,6/30/2014 18:37,6/30/2014 19:06,146,1747,74,Kingsbury St & Erie St,90,Millennium Park,Customer,,
2354216,6/30/2014 18:37,6/30/2014 18:48,1225,691,24,Fairbanks Ct & Grand Ave,49,Dearborn St & Monroe St,Subscriber,Male,1963
2354215,6/30/2014 18:37,6/30/2014 18:40,24,183,198,Halsted St & Madison St,80,Aberdeen St & Madison St,Subscriber,Male,1968
2354214,6/30/2014 18:37,6/30/2014 18:54,714,1055,52,Michigan Ave & Lake St,199,Wabash Ave & Grand Ave,Customer,,
2354213,6/30/2014 18:37,6/30/2014 18:54,2684,1052,52,Michigan Ave & Lake St,199,Wabash Ave & Grand Ave,Customer,,
2354212,6/30/2014 18:37,6/30/2014 18:45,748,516,174,Canal St & Madison St,110,State St & Erie St,Subscriber,Male,1979
2354211,6/30/2014 18:37,6/30/2014 18:49,2483,751,106,State St & Pearson St,110,State St & Erie St,Customer,,
2354209,6/30/2014 18:37,6/30/2014 18:49,13,753,245,Clarendon Ave & Junior Ter,294,Broadway & Berwyn Ave,Customer,,
2354206,6/30/2014 18:36,6/30/2014 18:47,1651,610,93,Sheffield Ave & Willow St,190,Southport Ave & Wrightwood Ave,Subscriber,Male,1982
2354205,6/30/2014 18:36,6/30/2014 18:41,1471,297,123,California Ave & Milwaukee Ave,290,Kedzie Ave & Palmer Ct,Subscriber,Female,1985
2354204,6/30/2014 18:36,6/30/2014 18:49,2314,765,245,Clarendon Ave & Junior Ter,294,Broadway & Berwyn Ave,Customer,,
2354202,6/30/2014 18:36,6/30/2014 18:42,1172,324,211,St Clair St & Erie St,173,Mies van der Rohe Way & Chicago Ave,Subscriber,Male,1984
2354201,6/30/2014 18:36,6/30/2014 18:43,83,408,90,Millennium Park,174,Canal St & Madison St,Subscriber,Male,1981
2354200,6/30/2014 18:36,6/30/2014 18:42,2679,341,118,Sedgwick St & North Ave,143,Sedgwick St & Webster Ave,Subscriber,Male,1989
2354199,6/30/2014 18:36,6/30/2014 18:40,1777,216,302,Sheffield Ave & Wrightwood Ave,152,Lincoln Ave & Diversey Pkwy,Subscriber,Female,1968
2354198,6/30/2014 18:36,6/30/2014 18:47,2547,682,225,Halsted St & Dickens Ave,225,Halsted St & Dickens Ave,Subscriber,Male,1988
2354197,6/30/2014 18:36,6/30/2014 18:51,689,901,20,Sheffield Ave & Kingsbury St,309,Leavitt St & Armitage Ave,Subscriber,Female,1980
2354196,6/30/2014 18:36,6/30/2014 18:41,508,294,50,Clark St & Congress Pkwy,43,Michigan Ave & Washington St,Subscriber,Male,1989
2354195,6/30/2014 18:36,6/30/2014 18:46,2322,618,49,Dearborn St & Monroe St,56,Desplaines St & Kinzie St,Customer,,
2354193,6/30/2014 18:36,6/30/2014 18:58,1223,1330,289,Wells St & Concord Ln,257,Lincoln Ave & Waveland Ave,Subscriber,Male,1971
2354192,6/30/2014 18:36,6/30/2014 18:47,1467,673,199,Wabash Ave & Grand Ave,49,Dearborn St & Monroe St,Subscriber,Male,1983
2354190,6/30/2014 18:36,6/30/2014 18:45,1876,574,156,Clark St & Wellington Ave,227,Southport Ave & Waveland Ave,Subscriber,Female,1976
2354188,6/30/2014 18:35,6/30/2014 18:58,1349,1368,49,Dearborn St & Monroe St,16,Wood St & North Ave,Subscriber,Male,1983
2354187,6/30/2014 18:35,6/30/2014 18:38,2534,162,158,Milwaukee Ave & Wabansia Ave,309,Leavitt St & Armitage Ave,Subscriber,Male,1986
2354186,6/30/2014 18:34,6/30/2014 18:41,1135,444,13,Wilton Ave & Diversey Pkwy,156,Clark St & Wellington Ave,Subscriber,Male,1989
2354185,6/30/2014 18:35,6/30/2014 18:44,661,531,233,Sangamon St & Washington Blvd,43,Michigan Ave & Washington St,Subscriber,Male,1977
2354184,6/30/2014 18:35,6/30/2014 18:50,2262,880,177,Theater on the Lake,232,Pine Grove Ave & Waveland Ave,Subscriber,Male,1984
2354183,6/30/2014 18:35,6/30/2014 19:04,563,1745,127,Lincoln Ave & Fullerton Ave,45,Michigan Ave & Congress Pkwy,Customer,,
2354182,6/30/2014 18:35,6/30/2014 18:49,2426,825,229,Southport Ave & Roscoe St,144,Larrabee St & Webster Ave,Subscriber,Male,1985
2354181,6/30/2014 18:31,6/30/2014 18:53,2217,1307,43,Michigan Ave & Washington St,282,Halsted St & Maxwell St,Subscriber,Female,1978
2354180,6/30/2014 18:35,6/30/2014 18:45,2341,591,177,Theater on the Lake,113,Bissell St & Armitage Ave,Subscriber,Male,1991
2354179,6/30/2014 18:35,6/30/2014 19:03,1027,1655,156,Clark St & Wellington Ave,277,Ashland Ave & Grand Ave,Subscriber,Female,1990
2354176,6/30/2014 18:35,6/30/2014 18:41,469,411,49,Dearborn St & Monroe St,199,Wabash Ave & Grand Ave,Subscriber,Male,1980
2354175,6/30/2014 18:35,6/30/2014 18:40,440,282,296,Broadway & Belmont Ave,296,Broadway & Belmont Ave,Customer,,
2354174,6/30/2014 18:32,6/30/2014 18:41,1875,562,49,Dearborn St & Monroe St,112,Green St & Randolph St,Subscriber,Male,1984
2354173,6/30/2014 18:35,6/30/2014 18:44,1366,540,268,Lake Shore Dr & North Blvd,60,Dayton St & North Ave,Subscriber,Male,1964
2354171,6/30/2014 18:35,6/30/2014 18:38,395,197,210,Ashland Ave & Division St,29,Noble St & Milwaukee Ave,Subscriber,Male,1985
2354170,6/30/2014 18:35,6/30/2014 18:43,1382,519,251,Clarendon Ave & Leland Ave,256,Broadway & Sheridan Rd,Subscriber,Female,1964
2354168,6/30/2014 18:34,6/30/2014 18:51,632,985,5,State St & Harrison St,84,Green St & Milwaukee Ave,Subscriber,Male,1988
2354167,6/30/2014 18:34,6/30/2014 18:39,518,253,130,Damen Ave & Division St,128,Damen Ave & Chicago Ave,Subscriber,Male,1975
2354166,6/30/2014 18:34,6/30/2014 18:43,496,518,52,Michigan Ave & Lake St,174,Canal St & Madison St,Subscriber,Male,1979
2354161,6/30/2014 18:34,6/30/2014 18:44,791,584,36,Franklin St & Jackson Blvd,53,Wells St & Erie St,Customer,,
2354160,6/30/2014 18:33,6/30/2014 18:35,1731,136,303,Broadway & Cornelia Ave,299,Halsted St & Roscoe St,Subscriber,Male,1984
2354159,6/30/2014 18:34,6/30/2014 18:48,804,874,174,Canal St & Madison St,215,Damen Ave & Madison St,Subscriber,Male,1963
2354158,6/30/2014 18:34,6/30/2014 18:38,2208,234,113,Bissell St & Armitage Ave,288,Larrabee St & Armitage Ave,Subscriber,Male,1974
2354157,6/30/2014 18:34,6/30/2014 18:51,1849,1057,177,Theater on the Lake,256,Broadway & Sheridan Rd,Subscriber,Male,1991
2354156,6/30/2014 18:33,6/30/2014 18:37,1482,225,91,Clinton St & Washington Blvd,198,Halsted St & Madison St,Subscriber,Male,1980
2354155,6/30/2014 18:33,6/30/2014 18:42,690,513,306,Sheridan Rd & Buena Ave,244,Ravenswood Ave & Irving Park Rd,Subscriber,Female,1983
2354153,6/30/2014 18:33,6/30/2014 18:40,1283,370,300,Broadway & Barry Ave,232,Pine Grove Ave & Waveland Ave,Subscriber,Male,1974
2354150,6/30/2014 18:33,6/30/2014 18:56,2759,1362,300,Broadway & Barry Ave,126,Clark St & North Ave,Customer,,
2354148,6/30/2014 18:33,6/30/2014 18:48,2216,882,307,Southport Ave & Clybourn Ave,46,Wells St & Walton St,Customer,,
2354147,6/30/2014 18:33,6/30/2014 18:51,1966,1118,120,Wentworth Ave & Archer Ave,149,Calumet Ave & 33rd St,Subscriber,Female,1989
2354145,6/30/2014 18:33,6/30/2014 18:42,364,555,312,Clarendon Ave & Gordon Ter,295,Broadway & Argyle St,Subscriber,Male,1981
2354144,6/30/2014 18:33,6/30/2014 18:41,2302,503,307,Southport Ave & Clybourn Ave,302,Sheffield Ave & Wrightwood Ave,Subscriber,Female,1988
2354143,6/30/2014 18:33,6/30/2014 18:45,41,727,52,Michigan Ave & Lake St,5,State St & Harrison St,Customer,,
2354142,6/30/2014 18:33,6/30/2014 18:49,2733,963,217,May St & Fulton St,26,McClurg Ct & Illinois St,Subscriber,Male,1980
2354141,6/30/2014 18:33,6/30/2014 19:00,774,1641,255,Indiana Ave & Roosevelt Rd,181,LaSalle St & Illinois St,Customer,,
2354140,6/30/2014 18:33,6/30/2014 18:45,1143,751,48,Larrabee St & Kingsbury St,99,Lake Shore Dr & Ohio St,Subscriber,Male,1980
2354139,6/30/2014 18:33,6/30/2014 19:00,159,1629,255,Indiana Ave & Roosevelt Rd,181,LaSalle St & Illinois St,Customer,,
2354138,6/30/2014 18:33,6/30/2014 18:36,1507,181,150,Fort Dearborn Dr & 31st St,263,Rhodes Ave & 32nd St,Subscriber,Male,1977
2354134,6/30/2014 18:32,6/30/2014 18:46,1751,823,50,Clark St & Congress Pkwy,74,Kingsbury St & Erie St,Subscriber,Male,1984